-- phpMyAdmin SQL Dump
-- version 4.1.14
-- http://www.phpmyadmin.net
--
-- Host: 127.0.0.1
-- Generation Time: Jan 04, 2016 at 03:43 PM
-- Server version: 5.6.17
-- PHP Version: 5.5.12

SET SQL_MODE = "NO_AUTO_VALUE_ON_ZERO";
SET time_zone = "+00:00";


/*!40101 SET @OLD_CHARACTER_SET_CLIENT=@@CHARACTER_SET_CLIENT */;
/*!40101 SET @OLD_CHARACTER_SET_RESULTS=@@CHARACTER_SET_RESULTS */;
/*!40101 SET @OLD_COLLATION_CONNECTION=@@COLLATION_CONNECTION */;
/*!40101 SET NAMES utf8 */;

--
-- Database: `pharmacy`
--

DELIMITER $$
--
-- Procedures
--
CREATE DEFINER=`root`@`localhost` PROCEDURE `getallproducts`()
BEGIN
SELECT * FROM product;
END$$

CREATE DEFINER=`root`@`localhost` PROCEDURE `getcurrentstock`(IN `productidparam` VARCHAR(255), OUT `stockreturn` INT)
BEGIN
  SELECT Sum(stock) 
  INTO stockreturn
  FROM (SELECT quantity - sold AS stock 
  FROM   pharmacy.invoiceitem 
  WHERE  productid = productidparam ) stock; 
 END$$

CREATE DEFINER=`root`@`localhost` PROCEDURE `getproductscurrentstock`()
    NO SQL
SELECT oc.productID,
	SUM(oc.quantity) Amount
      FROM (
           SELECT productID,COALESCE(quantity,0) quantity FROM invoiceitem
           UNION ALL
           SELECT productID,COALESCE(-quantity,0) quantity FROM billitem
           ) oc
      GROUP BY oc.productID$$

CREATE DEFINER=`root`@`localhost` PROCEDURE `getunitprice`(IN `productidparam` VARCHAR(255), OUT `pricereturn` DOUBLE)
BEGIN 
  SELECT price
  INTO pricereturn
  FROM invoiceitem
  WHERE invoiceitemid = (
  SELECT Max(invoiceitemid)
  FROM invoiceitem 
  WHERE productid = productidparam); 
END$$

DELIMITER ;

-- --------------------------------------------------------

--
-- Table structure for table `bill`
--

CREATE TABLE IF NOT EXISTS `bill` (
  `billNo` int(11) NOT NULL AUTO_INCREMENT,
  `billDate` date NOT NULL,
  `billNote` varchar(255) DEFAULT NULL,
  `billAmount` double NOT NULL,
  PRIMARY KEY (`billNo`)
) ENGINE=InnoDB DEFAULT CHARSET=latin1 AUTO_INCREMENT=1 ;

-- --------------------------------------------------------

--
-- Table structure for table `billitem`
--

CREATE TABLE IF NOT EXISTS `billitem` (
  `billItemNo` int(11) NOT NULL AUTO_INCREMENT,
  `billNo` int(11) NOT NULL,
  `productID` varchar(10) NOT NULL,
  `unitPrice` double NOT NULL,
  `quantity` int(11) NOT NULL,
  `amount` double NOT NULL,
  `invoiceItemID` int(11) NOT NULL,
  PRIMARY KEY (`billItemNo`),
  KEY `fk_billitem_bill1_idx` (`billNo`),
  KEY `fk_billitem_invoiceitem1_idx` (`invoiceItemID`)
) ENGINE=InnoDB DEFAULT CHARSET=latin1 AUTO_INCREMENT=1 ;

-- --------------------------------------------------------

--
-- Table structure for table `distributor`
--

CREATE TABLE IF NOT EXISTS `distributor` (
  `dCode` varchar(255) NOT NULL,
  `dName` varchar(255) NOT NULL,
  `dAddress` varchar(255) DEFAULT NULL,
  `dTelephone` varchar(255) DEFAULT NULL,
  PRIMARY KEY (`dCode`)
) ENGINE=InnoDB DEFAULT CHARSET=latin1;

--
-- Dumping data for table `distributor`
--

INSERT INTO `distributor` (`dCode`, `dName`, `dAddress`, `dTelephone`) VALUES
('AB029', 'Ante Inc.', '504-9192 Iaculis St.', '(214) 841-1163'),
('AB819', 'Penatibus Institute', '2908 Egestas St.', '(655) 424-2273'),
('AC260', 'Primis In Industries', 'Ap #472-7304 Sodales Avenue', '(824) 819-9982'),
('AD391', 'Gravida Sit Industries', 'P.O. Box 842, 6515 Quam Avenue', '(621) 347-1213'),
('AF177', 'Rhoncus PC', '8812 Morbi Street', '(384) 240-0006'),
('AG045', 'Fringilla Porttitor Industries', '3258 In Ave', '(395) 771-4946'),
('AG776', 'Dictum Sapien PC', '3392 A, Street', '(746) 760-8428'),
('AH241', 'Vestibulum Neque Sed Foundation', 'Ap #817-291 Donec Rd.', '(145) 353-0041'),
('AH467', 'A LLP', 'P.O. Box 569, 2595 Curabitur Av.', '(569) 441-9869'),
('AI201', 'Velit Sed Incorporated', '9436 Dolor Rd.', '(493) 197-5387'),
('AI422', 'Diam Vel Arcu Foundation', 'Ap #548-7469 Consectetuer Road', '(611) 228-7225'),
('AJ749', 'Fermentum Convallis Corp.', 'P.O. Box 856, 2360 Ligula. Rd.', '(795) 351-8771'),
('AK099', 'Nam Ltd', '4969 Proin St.', '(181) 822-3195'),
('AK553', 'Non Lobortis PC', 'P.O. Box 116, 3386 Bibendum Ave', '(141) 417-5174'),
('AL012', 'Id Ante LLC', '1361 Dui, Rd.', '(237) 673-4747'),
('AN290', 'Vitae Erat Company', 'Ap #130-467 Nulla. Rd.', '(778) 144-5216'),
('AO747', 'Dapibus Quam LLC', 'P.O. Box 274, 7729 Augue. Street', '(756) 370-6658'),
('AP684', 'Ligula Incorporated', '765-1232 Mauris Rd.', '(759) 542-5362'),
('AQ338', 'Ipsum Dolor Sit Inc.', 'P.O. Box 627, 6685 Non Rd.', '(235) 670-0427'),
('AR377', 'Varius LLP', 'Ap #159-6866 Sed St.', '(630) 157-2620'),
('AT718', 'Vulputate Eu Odio Institute', 'P.O. Box 872, 7397 Non, Ave', '(904) 929-9649'),
('AU143', 'Cras Dictum Ultricies Institute', '9462 Augue Ave', '(663) 752-1779'),
('AU738', 'Luctus Curabitur Egestas LLC', '7719 Ullamcorper St.', '(767) 996-3342'),
('AV250', 'Nec Leo Morbi LLC', '3753 At, Rd.', '(953) 232-2601'),
('AV531', 'Scelerisque Dui Ltd', '3360 Ac Street', '(356) 994-3199'),
('AV831', 'Eu Eleifend Nec Associates', 'Ap #171-7219 Phasellus St.', '(966) 263-3246'),
('AW285', 'Nec Imperdiet Nec LLP', 'P.O. Box 470, 9470 Mauris Rd.', '(603) 371-3794'),
('AX547', 'At Pede LLC', 'P.O. Box 588, 7547 Dui Ave', '(496) 348-8650'),
('BA657', 'Arcu Incorporated', 'P.O. Box 476, 1184 Morbi Rd.', '(823) 547-8175'),
('BB001', 'Sed Foundation', '5862 Vulputate Ave', '(555) 595-2410'),
('BB075', 'Et Consulting', '8491 Metus Ave', '(620) 480-6794'),
('BB342', 'Sed LLP', 'Ap #434-7052 Sit St.', '(377) 557-8421'),
('BC888', 'Risus Odio Corporation', '6362 Arcu. Ave', '(761) 373-8535'),
('BE701', 'Elit LLC', '638-1407 Eu Rd.', '(964) 955-0501'),
('BE809', 'Lacus Aliquam Rutrum Institute', '659-2898 Amet Street', '(353) 828-5571'),
('BG107', 'Porttitor Interdum Inc.', 'Ap #534-2454 At Street', '(310) 493-8638'),
('BG611', 'Gravida Sagittis Duis Consulting', 'P.O. Box 725, 2418 Magna. Road', '(608) 826-0558'),
('BH269', 'A Inc.', '425-8525 Tellus Avenue', '(807) 604-8454'),
('BI207', 'Ullamcorper Viverra Maecenas Consulting', '372-7608 At, Avenue', '(543) 584-3659'),
('BI276', 'Nec Ltd', 'Ap #548-4487 Turpis Ave', '(463) 135-6665'),
('BI789', 'Rhoncus Corporation', '940-8308 Quisque Rd.', '(716) 828-5227'),
('BJ019', 'Nibh Dolor Nonummy Ltd', '1476 Cursus Rd.', '(271) 943-6852'),
('BL910', 'Sagittis Associates', '9166 Phasellus Ave', '(668) 819-8483'),
('BM283', 'Nulla Cras Eu Incorporated', '643-3166 Metus. Ave', '(705) 126-7644'),
('BM350', 'Tortor Nunc Industries', '768 Dui Rd.', '(962) 529-5066'),
('BN966', 'Amet Risus Foundation', 'P.O. Box 525, 4764 Mi Rd.', '(818) 534-3435'),
('BP336', 'Pharetra Nibh Aliquam Associates', '1433 Odio. St.', '(491) 244-3014'),
('BP976', 'Mauris LLP', 'P.O. Box 266, 3325 Nisi St.', '(367) 978-9829'),
('BQ245', 'Erat Volutpat Nulla Foundation', '526-2170 Nisl. Ave', '(441) 777-3739'),
('BR535', 'Erat PC', '7556 Tincidunt, St.', '(174) 389-2768'),
('BS773', 'A Sollicitudin Orci Limited', '9664 Blandit. Avenue', '(842) 611-2553'),
('BT282', 'Gravida Non Sollicitudin Corporation', '2996 Eu Avenue', '(495) 921-9068'),
('BU265', 'Dui LLC', '496-9309 Malesuada. St.', '(832) 359-9828'),
('BU371', 'Ut Aliquam Iaculis LLC', 'Ap #146-8428 Amet, Rd.', '(338) 365-8590'),
('BU526', 'Vitae Aliquet Corporation', 'P.O. Box 918, 6628 Dui. Rd.', '(512) 330-2766'),
('BU976', 'Ipsum Primis In Industries', 'Ap #293-4791 Non, Rd.', '(577) 105-7374'),
('BV062', 'Aliquam LLC', 'Ap #813-636 Pellentesque Street', '(564) 766-2040'),
('BV378', 'Ipsum Dolor Sit Institute', '6128 Ultricies Road', '(401) 627-3799'),
('BW860', 'Aliquam Nec Enim Industries', 'Ap #337-8259 Nulla. Avenue', '(787) 571-9646'),
('BX557', 'Est Industries', 'P.O. Box 387, 7676 Purus Road', '(987) 644-2033'),
('CA179', 'Dolor Nulla Ltd', '520-4299 Nullam Street', '(797) 623-3894'),
('CA399', 'In Faucibus Orci Institute', '1916 Consequat, Ave', '(108) 872-7932'),
('CB029', 'Velit Inc.', 'Ap #178-4995 Ut, St.', '(259) 924-4123'),
('CB484', 'Et Magnis Dis Associates', '792-1184 Fermentum Street', '(747) 785-5265'),
('CD231', 'Et Magna Praesent Corporation', 'Ap #952-9314 Nulla. Rd.', '(588) 872-8456'),
('CF246', 'Curae Donec LLP', 'Ap #792-6178 Turpis. Avenue', '(982) 439-9782'),
('CF374', 'Egestas Aliquam Fringilla Ltd', 'Ap #781-9240 Sem Street', '(362) 628-8149'),
('CG359', 'Cras Dolor Institute', '259-8244 A Av.', '(589) 975-3609'),
('CG828', 'Aliquet Libero Institute', '124-3761 Dis St.', '(897) 597-5873'),
('CH118', 'Penatibus Et Magnis Associates', 'P.O. Box 442, 7630 Sed, Avenue', '(358) 235-5865'),
('CH142', 'Nunc Consulting', '987-6049 Felis. Road', '(384) 417-9862'),
('CH681', 'Est Nunc LLC', 'Ap #160-7564 Rhoncus. Rd.', '(878) 270-0253'),
('CH852', 'Metus Consulting', 'Ap #596-6225 Quis Rd.', '(163) 200-6638'),
('CI928', 'Semper Incorporated', 'P.O. Box 229, 7339 Fringilla Rd.', '(935) 787-1377'),
('CJ718', 'Nunc PC', 'Ap #509-9972 Purus, Rd.', '(129) 306-0368'),
('CK043', 'Eu Institute', 'P.O. Box 855, 4338 Malesuada Rd.', '(452) 788-1896'),
('CK140', 'Pellentesque Eget Dictum Consulting', 'Ap #419-2725 Nisl Road', '(131) 699-6764'),
('CK523', 'In Mi Associates', '8656 Magna. St.', '(498) 549-4071'),
('CK612', 'Nulla Integer Ltd', 'Ap #827-2825 Quisque Avenue', '(660) 513-9580'),
('CK896', 'Mauris Eu Consulting', 'P.O. Box 482, 3168 Sit St.', '(474) 583-7624'),
('CL090', 'Magna Cras Inc.', 'P.O. Box 732, 893 Ut St.', '(259) 999-7622'),
('CL351', 'Iaculis Industries', '537-3627 Diam. Avenue', '(998) 449-4438'),
('CM664', 'Curabitur Massa Consulting', '3503 Ornare, Ave', '(460) 382-3166'),
('CO247', 'Mauris Consulting', 'Ap #494-4557 Velit. Rd.', '(359) 688-2776'),
('CP203', 'Elit LLC', 'P.O. Box 266, 1448 Feugiat Ave', '(652) 913-1233'),
('CQ950', 'Ipsum Suspendisse Non Incorporated', 'P.O. Box 301, 3240 A Avenue', '(186) 304-3699'),
('CR669', 'Iaculis Lacus Industries', 'P.O. Box 491, 6556 Lorem Av.', '(380) 464-5759'),
('CT237', 'Commodo Industries', '740-3906 Vel, Av.', '(872) 537-6916'),
('CW230', 'Morbi Quis Urna Corp.', '559-9173 Molestie Ave', '(856) 124-7148'),
('CW272', 'Sollicitudin Consulting', 'P.O. Box 157, 8161 Etiam Rd.', '(546) 259-2531'),
('CW369', 'Bibendum Donec Felis Incorporated', 'P.O. Box 130, 2064 Pharetra Street', '(364) 109-4170'),
('CX355', 'Tincidunt Nibh Corporation', 'Ap #449-4947 Dolor. St.', '(123) 829-2636'),
('CX517', 'Enim Suspendisse Ltd', 'Ap #384-9258 Ante, Av.', '(119) 303-9767'),
('CY195', 'Egestas Nunc Sed PC', '929-2574 Pretium Rd.', '(362) 590-3871'),
('CY381', 'Turpis Limited', 'P.O. Box 612, 2012 Ornare Ave', '(136) 665-3427'),
('CY751', 'Ac Nulla In Institute', '672-2238 Volutpat Avenue', '(199) 376-8422'),
('DA053', 'Nulla Industries', '9852 Donec Av.', '(311) 269-5600'),
('DA590', 'At Pretium Aliquet Institute', 'P.O. Box 533, 1533 Ullamcorper Road', '(820) 557-9301'),
('DC367', 'In Institute', 'P.O. Box 375, 4394 Phasellus Ave', '(890) 723-5621'),
('DC454', 'Mauris Quis Turpis Foundation', 'Ap #781-6836 Id, Av.', '(653) 545-9697'),
('DD138', 'Cursus Integer Mollis LLP', 'Ap #972-3250 Sed Rd.', '(981) 576-0057'),
('DE270', 'Ipsum Nunc Id Company', 'P.O. Box 661, 3575 Nisl. Rd.', '(161) 334-5485'),
('DE658', 'Maecenas Institute', '4494 Mollis St.', '(986) 213-4285'),
('DE833', 'Et Arcu Imperdiet Associates', '639-5765 Velit. Rd.', '(976) 765-0738'),
('DJ195', 'Aenean LLC', '150-2634 Mollis Ave', '(715) 903-0453'),
('DL636', 'Dui Institute', '738-9515 Consequat St.', '(733) 137-8472'),
('DM259', 'Nonummy Corporation', '4620 Placerat St.', '(909) 850-7984'),
('DM268', 'Ut Nisi Ltd', '2720 Pede. Av.', '(537) 410-6212'),
('DN097', 'Cras Corporation', 'P.O. Box 843, 1743 Mi Av.', '(802) 144-8319'),
('DN259', 'Sem Ut Foundation', 'P.O. Box 520, 4416 Auctor Road', '(617) 470-9357'),
('DN305', 'Eu Tempor Erat Foundation', '198-6794 Ornare Rd.', '(130) 801-9134'),
('DO370', 'Hendrerit A Inc.', '6170 Non, Av.', '(538) 483-9629'),
('DP131', 'Vestibulum Lorem LLP', '2856 Est. Rd.', '(656) 896-6013'),
('DQ181', 'Turpis Aliquam Incorporated', '5171 Lectus, Ave', '(446) 457-9450'),
('DS282', 'Elementum Lorem Inc.', '881-1289 Penatibus Rd.', '(477) 332-4221'),
('DT081', 'Rutrum Magna Institute', '1527 Nunc Avenue', '(234) 487-1030'),
('DT654', 'Tortor Dictum Limited', '180-9656 Et Rd.', '(653) 476-9242'),
('DU229', 'Tortor Nibh Ltd', 'P.O. Box 983, 9506 Suspendisse Ave', '(860) 863-5905'),
('DU277', 'Fusce Mi Lorem Consulting', '757-7470 Et Rd.', '(873) 361-8777'),
('DX008', 'Nunc Sed Libero LLP', '308-7003 Id Road', '(305) 974-8759'),
('DX745', 'Ac Nulla Inc.', 'Ap #885-4593 In St.', '(913) 568-0683'),
('DY343', 'Nam Porttitor Institute', '3001 Sollicitudin Ave', '(333) 872-4296'),
('DZ188', 'Posuere Limited', '5899 Proin Av.', '(832) 395-5673'),
('DZ531', 'Nam Consequat Dolor Inc.', 'P.O. Box 858, 7437 Ac Rd.', '(850) 280-2461'),
('DZ741', 'Pede Ac Industries', '6874 Mauris Avenue', '(486) 239-2080'),
('DZ985', 'Faucibus Ltd', '1782 Semper Rd.', '(198) 680-8500'),
('EC074', 'Tristique Pellentesque Tellus LLP', 'Ap #718-242 Metus. St.', '(578) 999-8668'),
('EC087', 'Vulputate Nisi Corporation', '7006 Aliquam St.', '(747) 986-0919'),
('EC284', 'Amet Institute', '794-5124 Pede. Ave', '(323) 602-0020'),
('ED182', 'Tellus Phasellus PC', '609-8212 Ac St.', '(428) 148-8021'),
('ED976', 'Ac Turpis Company', 'P.O. Box 882, 6033 Metus Avenue', '(144) 969-9084'),
('EE840', 'Sed Et Associates', 'Ap #747-9343 Vel, Av.', '(602) 450-0735'),
('EF060', 'Interdum Sed Auctor LLC', 'Ap #497-7117 Integer St.', '(503) 739-2639'),
('EF110', 'A Mi Ltd', 'Ap #810-4801 Integer Rd.', '(828) 428-4468'),
('EH921', 'Risus Varius Company', 'Ap #584-8001 Aenean Ave', '(554) 133-5454'),
('EI175', 'Ultricies Dignissim Lacus Consulting', 'P.O. Box 677, 4898 Non Av.', '(982) 306-7987'),
('EJ253', 'Diam Proin Dolor Incorporated', '275-5449 Donec St.', '(235) 731-6783'),
('EK485', 'Nibh Phasellus Incorporated', 'P.O. Box 600, 2748 Curabitur Street', '(954) 943-4732'),
('EM003', 'Elit Aliquam Incorporated', '219-3762 Arcu Avenue', '(187) 750-9065'),
('EM208', 'Maecenas Iaculis Associates', 'Ap #277-4149 Sit St.', '(552) 142-1369'),
('EP113', 'Sagittis Placerat Cras Industries', '5875 Dapibus Av.', '(396) 953-2285'),
('EP399', 'Diam Eu Dolor LLC', 'P.O. Box 369, 184 Quam, Street', '(484) 408-9944'),
('EQ423', 'Quisque Associates', 'P.O. Box 143, 5406 Sed Street', '(432) 382-4725'),
('ER339', 'Dolor Tempus Industries', '8968 Proin St.', '(290) 759-3619'),
('ER483', 'Tortor Dictum LLC', '844-1556 Mattis Rd.', '(640) 423-6074'),
('ET999', 'Sit Amet Consectetuer Incorporated', '9895 Sit Rd.', '(243) 775-1566'),
('EX030', 'Sem Elit Limited', '8809 Ligula. Av.', '(823) 970-1288'),
('EZ083', 'Justo Praesent Industries', 'Ap #311-8676 Lorem Street', '(949) 834-1525'),
('EZ646', 'Maecenas Iaculis Incorporated', '7498 Morbi Rd.', '(508) 542-3681'),
('FB363', 'Vel Convallis In Corp.', '2688 Donec Rd.', '(127) 992-9598'),
('FD717', 'Ac Nulla Limited', 'P.O. Box 806, 2578 Amet St.', '(739) 718-4286'),
('FE906', 'Malesuada Integer Id Corp.', 'Ap #261-8236 Magna St.', '(526) 596-6300'),
('FF876', 'Justo Proin Limited', '731-8242 Et Rd.', '(786) 957-6805'),
('FI882', 'Et Libero LLP', '504-6489 Aliquam St.', '(481) 791-3047'),
('FJ589', 'Interdum Curabitur Consulting', 'Ap #194-8742 Accumsan Avenue', '(864) 363-7301'),
('FL680', 'Amet Luctus Vulputate Ltd', 'P.O. Box 181, 505 In Street', '(525) 317-3653'),
('FL700', 'Fermentum Risus At Associates', 'Ap #799-7743 Ac Road', '(162) 630-5731'),
('FM325', 'Vitae Institute', 'Ap #364-6798 Orci, St.', '(172) 656-9209'),
('FN932', 'Proin LLP', '218-7608 Commodo Avenue', '(159) 927-9925'),
('FO387', 'Dui Semper Associates', '411-5476 Libero Ave', '(416) 923-6373'),
('FR107', 'Dictum Ltd', '118-6416 Mi, St.', '(476) 585-6704'),
('FS087', 'Tempus Non Lacinia Consulting', 'Ap #437-7486 Nunc Street', '(194) 382-0164'),
('FS839', 'In Associates', '848-7209 Ipsum. St.', '(612) 601-9946'),
('FT233', 'Nisl Nulla Eu Corporation', '496-8345 Dui. Rd.', '(350) 899-4526'),
('FX899', 'Semper Corp.', '6236 Leo. St.', '(497) 717-3011'),
('FY336', 'Blandit Foundation', '774-8220 Nulla Road', '(788) 676-2725'),
('FZ314', 'Phasellus In Felis PC', '279-516 Et Ave', '(773) 580-5321'),
('GA803', 'Et Magnis Dis Consulting', '945-2548 Eros Road', '(856) 731-7777'),
('GB012', 'Magna A Inc.', '410-4987 Tincidunt, St.', '(223) 800-9157'),
('GB377', 'Malesuada Incorporated', '429-6730 Felis, Rd.', '(712) 771-8858'),
('GD293', 'Egestas Incorporated', 'Ap #966-8827 Non, Rd.', '(949) 931-3440'),
('GD747', 'Elit A Feugiat Associates', '6287 Risus. St.', '(131) 684-3452'),
('GD939', 'Integer Tincidunt Aliquam Corp.', '1993 Consequat Ave', '(904) 347-9556'),
('GE021', 'Ornare Inc.', 'Ap #304-3199 Posuere Avenue', '(935) 237-0281'),
('GE258', 'Lacus LLP', '997-3388 Non, St.', '(249) 626-8156'),
('GE688', 'Elit Dictum PC', 'Ap #996-6099 Id, Rd.', '(206) 485-8289'),
('GH102', 'Sed Pede Institute', 'P.O. Box 865, 5739 Velit St.', '(107) 203-9163'),
('GJ601', 'Rhoncus Proin Inc.', '501-4669 In St.', '(140) 512-3210'),
('GK753', 'Metus Urna Foundation', 'Ap #394-1147 Consectetuer, Road', '(263) 845-6147'),
('GL303', 'Mauris Corporation', '303-7852 Vestibulum Ave', '(335) 148-6559'),
('GL766', 'Mattis Semper Company', 'Ap #851-5757 Cras St.', '(499) 705-4001'),
('GM997', 'Eu Ligula Corporation', 'Ap #876-2237 Nulla St.', '(403) 910-5335'),
('GQ077', 'Nec Urna Incorporated', 'P.O. Box 481, 5546 At, Rd.', '(640) 627-4831'),
('GQ562', 'Leo Morbi Associates', '437-1925 Auctor St.', '(609) 271-6843'),
('GR452', 'Dapibus Quam Quis Inc.', 'Ap #689-9729 Ipsum Street', '(459) 670-2619'),
('GS930', 'Amet Industries', 'P.O. Box 217, 8677 Enim Av.', '(255) 398-3556'),
('GT500', 'In Tempus Eu Company', 'P.O. Box 604, 8423 Non Avenue', '(707) 871-3125'),
('GU537', 'Tincidunt Tempus PC', '2936 Quam, Rd.', '(469) 984-0236'),
('GW150', 'Quisque Fringilla Euismod Corp.', 'Ap #139-287 Egestas Rd.', '(219) 718-9735'),
('GX287', 'Tempor Bibendum Donec Institute', '5506 Dolor Rd.', '(318) 609-3872'),
('GX303', 'Elit LLP', '901 Aliquam Rd.', '(300) 209-4354'),
('GX699', 'Montes Nascetur Corp.', '8792 Vitae, Avenue', '(259) 658-2689'),
('GZ798', 'Nam LLC', 'Ap #204-8430 Non, Av.', '(929) 630-3602'),
('HA473', 'Tortor Nibh Sit Institute', 'Ap #373-1242 Penatibus Av.', '(723) 876-9424'),
('HC740', 'Amet Dapibus Corp.', 'P.O. Box 422, 7820 Id St.', '(196) 277-4462'),
('HD280', 'Vel Vulputate Eu Institute', 'Ap #365-2801 Morbi St.', '(447) 692-4348'),
('HE825', 'Mauris Sagittis Ltd', 'Ap #184-7198 Ultrices Rd.', '(366) 449-4147'),
('HF008', 'Metus Facilisis Lorem Institute', '6622 Fringilla. St.', '(818) 973-4776'),
('HG880', 'Dui Corporation', '157-7521 Vestibulum St.', '(911) 131-6810'),
('HH075', 'Eget Metus Eu Company', 'P.O. Box 497, 6718 Eu St.', '(671) 751-4855'),
('HI208', 'Nulla Associates', 'P.O. Box 755, 6499 Duis Rd.', '(813) 692-8921'),
('HJ085', 'Vel Arcu Curabitur Foundation', 'P.O. Box 140, 1442 Aenean Rd.', '(668) 105-5265'),
('HJ169', 'In Sodales Elit Industries', 'P.O. Box 579, 2918 Turpis. Road', '(622) 446-7435'),
('HK981', 'Est Mollis Corp.', 'Ap #124-2295 Cras Rd.', '(440) 167-7872'),
('HL849', 'Ligula Eu LLP', 'P.O. Box 241, 7109 Est Av.', '(159) 755-3242'),
('HO005', 'Ornare Tortor At Incorporated', '287-5031 Vitae, Avenue', '(521) 162-0361'),
('HR278', 'Posuere At Velit Incorporated', 'P.O. Box 295, 3218 Rutrum. Rd.', '(818) 901-4071'),
('HR346', 'Nunc LLC', '2694 Sed St.', '(670) 430-0774'),
('HS637', 'Mus Proin Limited', 'P.O. Box 630, 5990 Lorem Street', '(605) 118-8484'),
('HT348', 'Ligula Eu Inc.', '311 Augue Avenue', '(922) 116-3166'),
('HW377', 'Phasellus Libero PC', '1063 Velit. Road', '(238) 268-1741'),
('HW687', 'Quis Pede Suspendisse LLC', 'Ap #797-7360 Lorem Avenue', '(347) 117-8961'),
('HX433', 'Interdum Ligula Eu Company', '165-9784 Risus, Av.', '(430) 721-6975'),
('IB164', 'Imperdiet Foundation', 'Ap #198-1129 Ipsum Av.', '(204) 591-9643'),
('ID103', 'Id Limited', 'P.O. Box 930, 1730 Mi Rd.', '(548) 850-2887'),
('ID297', 'Aenean Sed Inc.', 'P.O. Box 584, 1181 Proin Road', '(669) 589-5491'),
('ID338', 'Massa Rutrum PC', '7977 Risus Avenue', '(966) 599-2220'),
('IF305', 'Arcu Morbi Sit LLC', '350-8033 Sed St.', '(488) 506-9603'),
('IH181', 'Per Corp.', 'P.O. Box 211, 9445 Urna. Av.', '(765) 544-7744'),
('IH607', 'Amet Orci Ut PC', '997-9363 Blandit Road', '(455) 350-3621'),
('II620', 'Donec Elementum LLP', '276-9248 Imperdiet Street', '(215) 881-8680'),
('IK417', 'Dapibus Ligula Aliquam Incorporated', 'Ap #368-6092 Et, St.', '(569) 961-1523'),
('IK943', 'Adipiscing Elit Curabitur Company', 'Ap #671-2041 Varius. St.', '(890) 284-0943'),
('IL049', 'Egestas Lacinia Incorporated', '4117 Hendrerit. Street', '(299) 703-2924'),
('IL711', 'Turpis Egestas Aliquam Company', '6026 Rutrum Rd.', '(111) 924-5280'),
('IN460', 'Adipiscing Lacus Industries', '3665 Dolor Av.', '(555) 123-3589'),
('IN941', 'Ac Libero Nec Limited', '160-4940 Purus. Av.', '(522) 152-8132'),
('IO030', 'Lectus A Ltd', 'Ap #757-5701 Montes, Av.', '(889) 950-1978'),
('IO309', 'Molestie Tortor Consulting', '5086 Vitae, Rd.', '(843) 378-8534'),
('IP810', 'Dolor Company', 'Ap #196-6017 Dui Av.', '(801) 909-4102'),
('IR259', 'Sed Congue Elit LLC', 'Ap #325-2078 Risus. Rd.', '(670) 421-4634'),
('IS419', 'Non Corp.', 'Ap #209-6547 Egestas. Road', '(243) 432-0442'),
('IS527', 'Dui PC', '3836 Eget Street', '(567) 230-0601'),
('IS826', 'Nec Mollis Institute', '971 Mauris, St.', '(914) 791-0232'),
('IS988', 'Blandit LLC', 'P.O. Box 739, 2246 Et St.', '(919) 791-5291'),
('IT256', 'Accumsan Associates', '362-217 Erat. Rd.', '(896) 589-3231'),
('IT816', 'Bibendum Ullamcorper Industries', 'Ap #814-6301 Fringilla, Road', '(948) 686-2478'),
('IW793', 'Eget Metus In PC', 'Ap #340-5255 Class St.', '(911) 130-8717'),
('JA055', 'Lectus Nullam Inc.', 'Ap #577-4877 A, St.', '(120) 293-0555'),
('JC085', 'Cras Convallis Convallis Institute', 'P.O. Box 431, 6683 Proin St.', '(787) 546-9338'),
('JC721', 'Augue Eu LLC', 'P.O. Box 860, 1900 Pellentesque St.', '(379) 106-8045'),
('JG151', 'Non Limited', '2385 Molestie Rd.', '(461) 799-9833'),
('JG843', 'Lobortis Tellus Justo PC', 'Ap #765-8925 Gravida. Road', '(690) 610-8145'),
('JH033', 'Porttitor Eros LLP', 'P.O. Box 325, 5923 Turpis Road', '(531) 558-6515'),
('JH151', 'Leo In PC', 'P.O. Box 782, 749 Erat. Road', '(208) 509-9069'),
('JJ012', 'Cras Dictum Inc.', '469-9234 Urna, St.', '(748) 551-3626'),
('JJ014', 'Facilisis Magna Tellus Institute', '336-6823 Ullamcorper, Street', '(551) 391-8696'),
('JJ583', 'Pellentesque Industries', '131-129 Nulla. Avenue', '(162) 760-4758'),
('JK583', 'Fames Ac Turpis Ltd', '7090 Curae Avenue', '(323) 916-2393'),
('JK692', 'Odio Corp.', 'Ap #254-8942 Tellus. Avenue', '(316) 248-8212'),
('JL180', 'Blandit Viverra LLP', 'P.O. Box 876, 4950 Sit Rd.', '(836) 356-0145'),
('JM824', 'Netus Et Malesuada Corporation', 'Ap #387-3926 Egestas Avenue', '(436) 440-2636'),
('JM961', 'Adipiscing Industries', '7677 Est, St.', '(227) 272-0139'),
('JM962', 'Orci Consectetuer Ltd', '245-8309 Elit Street', '(319) 444-0979'),
('JM989', 'Fermentum Institute', 'Ap #395-9494 Et, Rd.', '(579) 905-1516'),
('JO518', 'Dictum Ultricies Consulting', '8159 Donec Rd.', '(529) 419-2198'),
('JO913', 'Mauris Suspendisse Aliquet Incorporated', '3762 Donec Street', '(335) 528-6158'),
('JR329', 'Ornare Egestas PC', '278-8407 Magna Ave', '(878) 336-9657'),
('JS658', 'Curabitur Vel Lectus PC', '463-2236 Metus Road', '(253) 672-3693'),
('JT148', 'Ornare Fusce Mollis Consulting', '402-6005 Gravida Av.', '(191) 307-5879'),
('JT869', 'Neque Non Quam Limited', '7559 Ut St.', '(688) 108-7409'),
('JU275', 'Semper Et Lacinia Ltd', '104-8843 Libero Av.', '(724) 951-2355'),
('JV075', 'Purus Accumsan Corporation', '433-6760 Amet, St.', '(724) 166-1502'),
('JV085', 'Mauris Integer Sem Foundation', 'P.O. Box 690, 6260 Magna St.', '(351) 475-3965'),
('JV911', 'Lectus Nullam Foundation', '555-4277 Donec Avenue', '(470) 714-0185'),
('JW602', 'Parturient Company', '817-8854 Erat. St.', '(750) 993-5094'),
('JX204', 'Ullamcorper Duis At Limited', '5735 Elit. Rd.', '(969) 745-1216'),
('JX505', 'Ullamcorper Viverra Foundation', 'P.O. Box 680, 514 Orci, Ave', '(381) 633-5598'),
('JX633', 'Quisque Limited', 'P.O. Box 265, 9633 Quam Avenue', '(173) 689-9731'),
('JX750', 'Sociis Natoque Corporation', '608-9075 Ut, St.', '(998) 985-2199'),
('JY389', 'Arcu Foundation', '443-2833 Ornare, St.', '(973) 126-8536'),
('JZ630', 'Donec At Incorporated', 'P.O. Box 169, 9886 Urna, St.', '(854) 229-3675'),
('JZ650', 'Nunc In At PC', '4481 Mi St.', '(639) 442-6512'),
('KA794', 'Et Corporation', 'P.O. Box 444, 8016 Sociosqu St.', '(678) 852-6513'),
('KB629', 'Non Enim Mauris Incorporated', 'Ap #979-981 Ligula. Ave', '(656) 444-1475'),
('KC155', 'Cursus In Hendrerit Company', '495-4019 Nascetur Street', '(117) 537-7692'),
('KC333', 'Lorem Tristique Aliquet Associates', 'Ap #465-6779 Montes, Ave', '(289) 450-6402'),
('KD781', 'Montes Nascetur Inc.', '422-5974 Rutrum Road', '(476) 796-0100'),
('KE161', 'Integer Aliquam Adipiscing LLC', 'Ap #761-9551 Sed St.', '(691) 622-0168'),
('KE522', 'Ut Erat Sed Inc.', 'P.O. Box 246, 1327 Congue. Ave', '(744) 307-3993'),
('KG792', 'Et Magna Praesent Corporation', 'Ap #205-4591 Vehicula Rd.', '(409) 594-6572'),
('KH979', 'Urna Justo Faucibus Ltd', '205-6136 Commodo Avenue', '(963) 288-5064'),
('KK075', 'Consectetuer Adipiscing Elit Foundation', 'Ap #436-7567 Lacinia. Street', '(256) 143-0544'),
('KK575', 'Eget Magna Suspendisse PC', 'P.O. Box 400, 5872 Non, St.', '(110) 812-3213'),
('KK632', 'Donec Porttitor Tellus Incorporated', '5306 Bibendum Av.', '(513) 614-3511'),
('KM659', 'Dolor Dolor Tempus Foundation', 'Ap #688-7741 Aliquet St.', '(684) 529-0929'),
('KN113', 'Risus Foundation', '328-4713 Risus. Road', '(792) 807-7704'),
('KN763', 'Aliquet Vel Vulputate PC', '6749 Fringilla. Street', '(961) 311-7252'),
('KO838', 'Semper Consulting', 'P.O. Box 355, 4023 Cras Street', '(541) 710-5249'),
('KP777', 'Lectus Ante Dictum Associates', '812-9815 Dignissim St.', '(166) 506-4652'),
('KQ195', 'Pharetra Nibh Incorporated', 'Ap #183-3109 Amet Av.', '(461) 561-1256'),
('KS292', 'Mauris Vestibulum Neque Institute', 'P.O. Box 724, 5433 Ullamcorper, Avenue', '(970) 689-0414'),
('KU480', 'Massa Vestibulum Accumsan Institute', '789-3743 Tincidunt Street', '(169) 518-6554'),
('KW405', 'Conubia Nostra LLP', '391-9565 Enim. Rd.', '(366) 208-5787'),
('KW467', 'Curabitur Dictum Phasellus Corporation', '282-7213 Nulla Street', '(839) 211-3077'),
('KY233', 'Mauris Associates', '510-5105 Ipsum Rd.', '(286) 496-0488'),
('KY331', 'Ac Consulting', 'Ap #136-2235 Placerat, Street', '(912) 428-5052'),
('KZ624', 'Odio PC', 'P.O. Box 623, 6658 Purus Ave', '(137) 479-5845'),
('KZ847', 'Morbi Accumsan Laoreet Corp.', 'Ap #702-8635 A, Avenue', '(765) 584-0737'),
('KZ921', 'Turpis Egestas Fusce LLP', 'P.O. Box 319, 3260 Congue Rd.', '(232) 741-8593'),
('LA496', 'Congue In PC', '317-817 Eu, St.', '(888) 609-2816'),
('LA960', 'Auctor Institute', '871-2398 Lobortis Rd.', '(435) 685-0445'),
('LB329', 'Sed Consulting', 'Ap #937-2724 Scelerisque St.', '(229) 209-0074'),
('LB610', 'Purus Gravida Sagittis PC', '9352 Lacus. Road', '(569) 689-7229'),
('LB834', 'Odio A Incorporated', 'P.O. Box 575, 5211 Quisque Ave', '(173) 675-7841'),
('LE931', 'Tempus Incorporated', '5743 Ac, St.', '(244) 725-9329'),
('LF193', 'Curabitur Corporation', 'Ap #880-1703 Convallis Rd.', '(743) 113-1102'),
('LF651', 'Nam Corp.', '505-2872 Arcu. Street', '(137) 106-8386'),
('LG411', 'Ac Metus Industries', 'P.O. Box 750, 5057 Cras Rd.', '(365) 908-3432'),
('LI000', 'Diam Pellentesque Associates', '202-9311 Cubilia Street', '(607) 844-0754'),
('LK072', 'Vitae Aliquam Ltd', '2666 Vel Road', '(552) 160-7794'),
('LK682', 'Ornare Lectus Institute', 'P.O. Box 297, 3908 Iaculis Rd.', '(616) 374-4728'),
('LK839', 'Sagittis Duis Gravida Ltd', '1512 Pede St.', '(518) 329-1426'),
('LL372', 'Sit Amet Dapibus PC', '455-3876 Felis Road', '(881) 215-7938'),
('LM062', 'Tempor Erat Neque Incorporated', '6308 Accumsan Ave', '(278) 337-4399'),
('LN393', 'Ultrices LLC', 'Ap #521-1227 Nibh. Rd.', '(202) 887-0825'),
('LR848', 'Dui Augue PC', '598-7073 Phasellus St.', '(560) 470-9720'),
('LS288', 'Duis Volutpat Nunc PC', '3185 Massa Rd.', '(246) 309-2692'),
('LS631', 'Fermentum Arcu Vestibulum Associates', 'Ap #659-6506 Lobortis Road', '(435) 370-0410'),
('LS810', 'At Egestas A Consulting', 'P.O. Box 497, 4901 Pede. Av.', '(966) 899-7898'),
('LT840', 'Duis Cursus Diam Corporation', '264-1646 In Road', '(313) 302-7444'),
('LU159', 'Vitae Corp.', 'Ap #908-2002 Vestibulum, Rd.', '(795) 674-7750'),
('LU251', 'Laoreet Ipsum Curabitur Institute', '8438 Pharetra. Rd.', '(226) 879-1323'),
('LU335', 'Et Euismod Industries', '9401 Aliquam Rd.', '(587) 443-0813'),
('LV649', 'Proin Vel Nisl Corp.', '7118 Semper Street', '(426) 589-5696'),
('LW316', 'Turpis Corp.', 'P.O. Box 731, 1418 Malesuada Rd.', '(748) 652-8952'),
('LW838', 'Luctus Sit Amet Incorporated', '7748 Metus Road', '(513) 701-2804'),
('LZ105', 'Nullam Suscipit Consulting', 'P.O. Box 559, 8706 Nullam St.', '(503) 204-6610'),
('MA437', 'Odio Tristique Pharetra PC', 'Ap #490-8513 Ante. Road', '(451) 869-7138'),
('MB416', 'Penatibus Et Company', '491-6669 Vulputate, Rd.', '(564) 181-1920'),
('MB697', 'Risus Donec LLP', 'Ap #909-3530 Donec Ave', '(427) 355-6597'),
('MB711', 'Tristique Pharetra Industries', 'Ap #439-5897 Eleifend. St.', '(955) 446-1879'),
('MC551', 'Orci Luctus Et LLC', 'P.O. Box 157, 4391 Dictum Street', '(444) 578-5854'),
('MD698', 'Neque Venenatis Industries', '309-5351 Rhoncus. Avenue', '(912) 544-9365'),
('MG896', 'Mauris Associates', 'Ap #760-5666 Tellus Road', '(190) 720-3208'),
('MI341', 'Lectus Ltd', '3032 Ligula. Ave', '(103) 605-3819'),
('MJ709', 'Tempor Bibendum Industries', '958-2948 Mi. St.', '(750) 767-0766'),
('MK016', 'Donec Consulting', 'P.O. Box 616, 8011 Dolor Av.', '(527) 949-3084'),
('MM004', 'Iaculis Corp.', 'P.O. Box 473, 4622 Parturient St.', '(813) 563-5951'),
('MN188', 'Duis Consulting', '6300 Diam Rd.', '(809) 694-7880'),
('MN335', 'Cras Eu Associates', '138-8608 Lacus. Ave', '(389) 397-3186'),
('MN925', 'Pellentesque LLC', '4200 Eget Road', '(510) 938-3724'),
('MP172', 'Vehicula LLP', 'Ap #112-1901 Pellentesque Ave', '(166) 646-8542'),
('MQ115', 'Non Arcu Industries', '946-427 Dis Ave', '(162) 435-8574'),
('MR064', 'Ullamcorper Eu Ltd', '502-7659 Quis Road', '(945) 112-5609'),
('MS042', 'Sit Amet Consectetuer Associates', 'Ap #994-4623 Ligula. Street', '(285) 576-1057'),
('MS504', 'Lobortis Foundation', 'Ap #473-849 Elit St.', '(557) 728-0507'),
('MS971', 'Lobortis Risus PC', 'P.O. Box 883, 1351 Ligula. Av.', '(600) 428-1174'),
('MT418', 'Mollis Duis Sit Limited', 'P.O. Box 836, 9721 Consequat Road', '(513) 581-3995'),
('MU452', 'Congue Turpis Corporation', '3462 Nibh. St.', '(585) 999-0084'),
('MV386', 'Dolor Nulla Associates', '3716 Mauris St.', '(315) 528-7778'),
('MV561', 'Donec Nibh Enim LLC', 'P.O. Box 945, 7393 Dictum Street', '(762) 544-3961'),
('MW833', 'Elit Consulting', 'P.O. Box 838, 2662 Semper Av.', '(117) 311-8455'),
('MW875', 'Enim Corporation', 'P.O. Box 925, 7751 Ultrices Street', '(999) 231-2838'),
('MY133', 'Tincidunt Nibh Industries', '6415 Curabitur Rd.', '(369) 992-3165'),
('MY484', 'Phasellus Elit Ltd', 'P.O. Box 119, 2656 Massa. Av.', '(354) 954-1211'),
('MZ592', 'Diam Duis LLC', '9482 Tempor Rd.', '(144) 154-2427'),
('NB048', 'Egestas Ligula Incorporated', '246-6053 Laoreet, Av.', '(216) 245-8544'),
('NB319', 'Diam LLC', '9152 Rutrum Ave', '(823) 976-5021'),
('NB349', 'Ridiculus Mus Associates', 'Ap #918-340 Sit Rd.', '(138) 113-9359'),
('NC616', 'Pede Ultrices A Corp.', '4588 Odio, Rd.', '(472) 466-7063'),
('NF122', 'Eget Laoreet Posuere LLC', '408-5585 Duis Av.', '(166) 467-2343'),
('NH467', 'Augue Institute', 'P.O. Box 187, 3510 Lacinia Rd.', '(912) 447-4038'),
('NI717', 'Mi Inc.', 'Ap #351-504 Diam. St.', '(602) 374-2769'),
('NI912', 'Enim Nisl Elementum Associates', '291-319 Facilisis Av.', '(109) 895-6051'),
('NJ210', 'Ipsum Dolor Sit Corporation', '3685 Vulputate St.', '(846) 699-4651'),
('NM399', 'Mus Aenean Eget Corporation', 'Ap #428-1727 Feugiat Avenue', '(299) 225-0210'),
('NM746', 'Arcu Morbi Sit LLP', 'P.O. Box 334, 7168 In Rd.', '(252) 702-8301'),
('NN183', 'Eros Foundation', '727-1330 Nulla Av.', '(836) 692-2216'),
('NN222', 'Justo Praesent Luctus Corporation', '125-3939 Ligula Avenue', '(562) 316-9440'),
('NN973', 'Velit Corp.', 'P.O. Box 148, 1057 Justo. Avenue', '(529) 137-9586'),
('NO708', 'Diam Dictum Industries', 'Ap #446-2293 Urna Rd.', '(337) 556-7717'),
('NO820', 'Et Ultrices Posuere Corp.', 'P.O. Box 788, 8169 Nec Avenue', '(407) 734-6539'),
('NP581', 'Feugiat Metus Sit LLP', 'P.O. Box 245, 6427 Ac Road', '(774) 266-5330'),
('NR686', 'Sed Et Ltd', '8452 Eget Ave', '(422) 635-5052'),
('NU972', 'Luctus Lobortis Institute', 'Ap #758-5553 Auctor Ave', '(569) 908-0532'),
('NV901', 'Viverra Incorporated', 'Ap #368-2920 In Rd.', '(527) 294-8507'),
('NW785', 'Mollis Phasellus Limited', '295-3875 Ut Street', '(381) 314-8876'),
('NW833', 'Donec Feugiat Metus Foundation', '5686 Nec Street', '(846) 232-7348'),
('NW990', 'Libero Est Corporation', '618-1558 Vitae, St.', '(511) 644-4390'),
('NX150', 'Sit Amet Ante LLP', 'P.O. Box 937, 6175 Risus. Rd.', '(799) 217-1640'),
('NX468', 'Curabitur PC', 'P.O. Box 340, 488 Ipsum Rd.', '(235) 374-0046'),
('NX705', 'Mollis Duis Inc.', 'P.O. Box 984, 1981 Tempor Avenue', '(157) 973-3285'),
('NY569', 'Auctor Odio Company', 'P.O. Box 522, 5678 Amet Rd.', '(726) 870-5330'),
('OA713', 'Eget Magna Consulting', '6483 Et Rd.', '(596) 489-3033'),
('OB918', 'Fermentum Arcu Associates', 'Ap #235-8433 Tincidunt. Rd.', '(951) 589-4348'),
('OC557', 'Interdum LLP', '899-3782 Lacus. Av.', '(926) 429-8646'),
('OE863', 'Nibh Phasellus Limited', '360-2904 Justo. Av.', '(658) 603-4879'),
('OF389', 'Magna Et Foundation', 'Ap #678-827 Gravida. Rd.', '(524) 587-1348'),
('OG283', 'Eu Turpis Ltd', '150-4002 Ultrices St.', '(953) 106-9601'),
('OH306', 'Proin Dolor Foundation', '979-3750 Dictum Rd.', '(881) 248-1011'),
('OJ301', 'Integer Urna Vivamus Corporation', 'Ap #611-8492 In Street', '(880) 851-4539'),
('OK127', 'Mauris Sapien Cursus Inc.', 'P.O. Box 759, 3026 Tempor Av.', '(390) 789-9600'),
('OK527', 'Aliquet Odio Etiam Industries', '4256 Commodo Ave', '(110) 962-5247'),
('OL725', 'Morbi Tristique Senectus Company', 'Ap #165-7723 Malesuada St.', '(882) 895-5603'),
('OM261', 'Parturient Limited', 'P.O. Box 394, 4240 Felis Rd.', '(674) 850-7820'),
('OO850', 'Suscipit Est Ltd', '487-2536 Convallis Av.', '(910) 208-1122'),
('OP664', 'Vehicula Risus Incorporated', 'Ap #229-8450 Natoque Ave', '(441) 567-9963'),
('OR697', 'Pellentesque Corporation', 'P.O. Box 538, 4286 Rhoncus Rd.', '(540) 830-9706'),
('OS260', 'Urna Limited', '154-3696 Velit Avenue', '(970) 312-2096'),
('OT361', 'Neque Pellentesque Massa Associates', '644-5710 Lacus. St.', '(654) 122-9947'),
('OT629', 'Tristique Senectus Corporation', '615-6451 Neque Street', '(679) 847-3471'),
('OU407', 'Pellentesque Massa Lobortis Inc.', 'P.O. Box 940, 1405 Arcu. Road', '(510) 153-3137'),
('OV791', 'Nisi A Odio Foundation', 'P.O. Box 101, 3297 Nunc Road', '(699) 972-7762'),
('OV986', 'Turpis Aliquam Adipiscing Consulting', '9451 Vulputate Street', '(911) 862-8510'),
('OW138', 'Molestie Dapibus Corporation', 'P.O. Box 673, 6349 Aenean St.', '(826) 448-0323'),
('OW518', 'Netus Associates', '8028 Nisi Street', '(958) 593-4079'),
('OX374', 'Curabitur Ltd', '5209 Dis Av.', '(151) 640-4004'),
('OX781', 'Eu Neque Pellentesque Incorporated', 'Ap #502-9746 Vivamus Street', '(336) 195-2041'),
('OY039', 'Vivamus Nibh Dolor Corp.', '4665 Parturient Road', '(975) 685-3772'),
('OY320', 'Varius Limited', 'Ap #998-7070 Per St.', '(588) 938-0926'),
('OZ460', 'Feugiat Sed Nec Company', '783 Ullamcorper. Rd.', '(242) 679-6855'),
('OZ623', 'Malesuada Vel Foundation', 'P.O. Box 960, 3336 Eu, Rd.', '(186) 765-6279'),
('PE212', 'Interdum Limited', 'P.O. Box 552, 1696 Arcu. Rd.', '(884) 910-1902'),
('PE623', 'Sociis Inc.', 'Ap #490-4835 Suspendisse St.', '(848) 773-8896'),
('PF703', 'Sodales Purus Corp.', '559-1260 Eget Rd.', '(791) 449-1616'),
('PG063', 'Dolor Fusce Corp.', 'P.O. Box 671, 8855 Tincidunt, St.', '(596) 416-8109'),
('PJ168', 'Vel Incorporated', '9448 Libero Avenue', '(698) 874-8609'),
('PJ373', 'Non Ltd', '8658 Erat Ave', '(940) 302-9786'),
('PL064', 'Vehicula Pellentesque LLC', '705 Non, Rd.', '(133) 530-6372'),
('PL267', 'Et Commodo Foundation', 'Ap #805-447 Lorem Street', '(257) 908-8671'),
('PM136', 'Proin Foundation', '4189 Consequat Street', '(516) 589-1428'),
('PM832', 'Morbi Vehicula Pellentesque Inc.', 'Ap #412-1204 Risus. Ave', '(793) 997-9782'),
('PN214', 'Cras LLC', 'Ap #729-7804 In Road', '(231) 728-9736'),
('PO873', 'Eu Sem LLC', '5892 Magna. Av.', '(977) 572-5412'),
('PQ693', 'Mi Lorem Incorporated', '8190 Augue, Rd.', '(246) 278-7511'),
('PR736', 'Tempor Ltd', '8024 Tempor Av.', '(940) 676-7197'),
('PS211', 'Sed Molestie Corporation', 'Ap #479-534 Gravida Street', '(726) 845-3955'),
('PS636', 'Aliquam Eu Accumsan Foundation', 'Ap #584-7714 Magna. Avenue', '(363) 871-3996'),
('PV643', 'Aliquam Erat Associates', '8697 Eu, Road', '(345) 387-9435'),
('PW259', 'Iaculis Nec Eleifend Inc.', 'P.O. Box 430, 1422 Praesent Ave', '(589) 917-8497'),
('PW643', 'Suscipit Associates', '6882 Molestie St.', '(334) 817-4314'),
('PX099', 'Aliquam Associates', 'Ap #582-4116 Id, Avenue', '(429) 672-7858'),
('PX256', 'Ultrices Mauris LLP', '769-5564 Ultrices. Rd.', '(425) 824-0036'),
('QA372', 'Odio Nam Foundation', 'P.O. Box 442, 6087 Sed Rd.', '(304) 998-8522'),
('QB124', 'Malesuada Consulting', '991-1060 Neque. St.', '(723) 604-0791'),
('QB129', 'Arcu Imperdiet Ullamcorper Associates', '304-1867 Odio. St.', '(360) 962-8774'),
('QB246', 'Sem Foundation', '9833 Egestas St.', '(503) 368-0680'),
('QD253', 'Libero Morbi Institute', 'P.O. Box 187, 9112 Interdum. Av.', '(693) 901-8991'),
('QH766', 'Lacus Company', '645-3752 In Ave', '(699) 838-0254'),
('QJ165', 'Phasellus Vitae Mauris Associates', 'P.O. Box 192, 7879 Eu Rd.', '(615) 307-9183'),
('QK317', 'Eget Tincidunt Associates', '360-8990 Nunc Street', '(437) 495-9343'),
('QM252', 'Est Vitae Sodales Limited', 'P.O. Box 591, 9287 Nec, St.', '(142) 404-4857'),
('QM342', 'Fames Ac Turpis PC', '2090 Lobortis Rd.', '(225) 888-5069'),
('QN236', 'Malesuada Vel Convallis Consulting', 'P.O. Box 416, 9504 Mollis. St.', '(405) 718-3259'),
('QO117', 'Nam Porttitor Institute', 'Ap #817-6689 Elit, Road', '(979) 988-3149'),
('QP057', 'Purus Ac Ltd', 'P.O. Box 296, 2159 Id, Rd.', '(669) 550-7182'),
('QQ040', 'Duis Inc.', '554-4583 Neque Avenue', '(299) 256-3852'),
('QQ221', 'Dis Consulting', '477-3475 Malesuada St.', '(626) 212-0689'),
('QQ969', 'Proin Vel Nisl Ltd', '426-9294 Consectetuer Rd.', '(352) 782-6396'),
('QS911', 'Justo Proin Non Inc.', '732-3765 Pharetra Ave', '(331) 854-0172'),
('QS973', 'Magna Malesuada Consulting', '1653 Sed Road', '(542) 816-6381'),
('QU227', 'Eget Consulting', 'Ap #726-5969 Velit Street', '(186) 850-5050'),
('QV268', 'Vitae Diam Proin Ltd', 'Ap #181-9037 Velit Rd.', '(794) 790-2019'),
('QV806', 'Nunc PC', 'P.O. Box 278, 2250 Odio Street', '(542) 651-6016'),
('QX951', 'Sit Company', '4026 Cras Avenue', '(252) 870-3278'),
('QX976', 'Lacinia Orci Foundation', 'P.O. Box 619, 2486 Velit Av.', '(693) 998-0875'),
('QY401', 'A Scelerisque Associates', 'Ap #537-1961 Lorem. Rd.', '(320) 622-0218'),
('RA042', 'Magna Nec Quam Ltd', 'P.O. Box 262, 2217 Non St.', '(658) 847-4718'),
('RB073', 'Nec Tellus Incorporated', '281-171 Iaculis Road', '(155) 135-5605'),
('RD490', 'Nostra Per Inceptos LLP', 'Ap #593-1763 Tincidunt St.', '(190) 699-3815'),
('RF432', 'Sem Ltd', 'P.O. Box 868, 4425 Iaculis, Avenue', '(656) 509-1252'),
('RG602', 'Sagittis Semper PC', '747-2336 Et St.', '(574) 328-6008'),
('RK560', 'Dolor Fusce Industries', '5832 At, St.', '(288) 961-8474'),
('RL899', 'Dui Institute', 'Ap #187-1874 Ante St.', '(718) 611-6155'),
('RM460', 'Pede LLC', '4500 Aliquet St.', '(701) 160-5407'),
('RM521', 'Congue Elit Corp.', 'P.O. Box 740, 5933 Consequat, Street', '(140) 778-9341'),
('RN131', 'Neque Venenatis PC', '1891 Quis St.', '(447) 202-4225'),
('RN314', 'Nunc Ac Sem Foundation', 'Ap #319-7748 Amet St.', '(520) 805-7098'),
('RO009', 'Morbi Sit Amet Limited', '829-3707 Egestas. St.', '(675) 873-0538'),
('RQ095', 'Elementum Institute', '935-9852 Non, Street', '(840) 828-2025'),
('RQ511', 'Accumsan Neque Et Ltd', '4620 Quis St.', '(855) 563-5610'),
('RR304', 'Nec Eleifend Non Institute', '884-5124 Sed St.', '(257) 953-1854'),
('RT923', 'Vitae Industries', '1292 Tempus Rd.', '(161) 741-5765'),
('RU946', 'Magna A Neque LLC', '9157 Est St.', '(542) 818-0007'),
('RU956', 'Sociis Natoque Inc.', '1616 Est. Avenue', '(750) 841-5590'),
('RV692', 'Amet Inc.', 'P.O. Box 101, 9208 Semper Rd.', '(165) 714-6186'),
('RV849', 'Quisque Corp.', 'P.O. Box 787, 5595 Luctus Avenue', '(645) 359-5212'),
('RW618', 'Nibh Foundation', '8066 Felis Road', '(778) 124-5986'),
('RZ981', 'Libero Nec Ligula Corporation', '2213 Egestas. Avenue', '(654) 698-1876'),
('SB197', 'Vulputate Velit Eu Incorporated', '8369 Auctor Street', '(404) 854-1208'),
('SB884', 'Morbi Sit Amet LLP', 'Ap #901-7202 Nec Street', '(125) 851-7397'),
('SC364', 'Neque Nullam Corporation', '5589 Odio. Road', '(358) 675-0017'),
('SC627', 'Aliquam Nec LLP', '209-6520 Gravida Street', '(788) 257-2184'),
('SD453', 'Nulla Interdum Industries', '2053 Nec St.', '(882) 996-8842'),
('SD893', 'Elit Company', '2484 Gravida Street', '(347) 100-1101'),
('SE192', 'Malesuada Inc.', 'Ap #235-3785 Erat. St.', '(420) 872-6243'),
('SG986', 'Laoreet Industries', 'P.O. Box 213, 2889 Sapien. Av.', '(636) 700-8339'),
('SL706', 'Elit Elit Foundation', '8919 Arcu. St.', '(393) 344-3226'),
('SL978', 'Sociis Natoque Penatibus Industries', '6918 Nulla St.', '(627) 323-9068'),
('SM100', 'Cursus Institute', 'Ap #863-5724 Rutrum. Street', '(182) 145-5335'),
('SM688', 'Risus Associates', '236 Nunc, Ave', '(696) 719-1564'),
('SN367', 'Eget Mollis Corporation', 'Ap #336-6884 Scelerisque, Street', '(902) 847-1790'),
('SO346', 'Sodales LLP', '931-2055 Duis Street', '(427) 701-3276'),
('SP831', 'Posuere Enim LLC', 'P.O. Box 405, 3209 Ante Street', '(873) 654-2431'),
('SQ660', 'Orci Company', '7954 Id St.', '(647) 668-3956'),
('SQ987', 'Et Netus Et Foundation', '957-3785 Mollis. Rd.', '(978) 498-1604'),
('SR994', 'Sem Consequat Incorporated', 'P.O. Box 743, 9438 Ornare. St.', '(947) 520-8591'),
('SU333', 'Eros Nec Tellus Corp.', 'Ap #521-9531 Nec St.', '(608) 982-5106'),
('SU390', 'Nunc Ut Foundation', '3160 Iaculis Road', '(691) 145-0233'),
('SW585', 'Lorem LLP', '8157 Vel St.', '(287) 635-3132'),
('SY719', 'Maecenas Malesuada Fringilla PC', '7425 Arcu. Av.', '(781) 397-0443'),
('TC312', 'Donec Egestas Aliquam LLC', '5934 Amet Avenue', '(457) 176-3537'),
('TC969', 'Mauris Eu Foundation', '619-9875 Aliquam Ave', '(538) 640-7547'),
('TF736', 'Volutpat Company', 'Ap #563-5575 At, Street', '(422) 439-9169'),
('TG028', 'Erat Corp.', 'P.O. Box 622, 7260 Fermentum St.', '(907) 527-7645'),
('TG689', 'Amet Ornare Lectus Incorporated', 'P.O. Box 186, 5155 Bibendum Ave', '(928) 428-1757'),
('TH216', 'Felis Corporation', '342-1598 Fames St.', '(477) 158-7646'),
('TI280', 'Enim Mauris Quis Corp.', 'P.O. Box 197, 9861 Aliquam Street', '(821) 862-4379'),
('TL385', 'Egestas Lacinia Associates', 'P.O. Box 440, 1743 Cras Rd.', '(556) 912-1647'),
('TM914', 'Posuere Cubilia Curae Associates', 'Ap #904-7489 Proin Rd.', '(990) 874-0612'),
('TN617', 'Enim Nisl Industries', '8203 Donec Av.', '(244) 569-5504'),
('TQ092', 'Dui Cum Sociis Associates', 'Ap #789-9102 Pellentesque Road', '(607) 742-3650'),
('TR408', 'Nulla Inc.', '295-8838 Nulla Avenue', '(923) 147-1569'),
('TR903', 'Ornare LLC', '248-5031 Urna, Rd.', '(119) 975-4682'),
('TS057', 'Nulla Eu Neque Foundation', 'Ap #144-5121 Enim. St.', '(489) 884-5311'),
('TT805', 'Orci LLC', '1337 Ultricies Street', '(473) 359-0467'),
('TT830', 'Leo In Lobortis Ltd', '9470 Sed St.', '(441) 712-5575'),
('TU064', 'Nam Porttitor Corp.', '398-9977 Dolor Ave', '(982) 606-4317'),
('TU386', 'Quisque Varius Nam Corporation', 'Ap #844-3849 Ultrices, Street', '(425) 155-9439'),
('TV962', 'Nibh LLC', 'P.O. Box 851, 1739 Eu Ave', '(903) 559-4430'),
('TW910', 'Maecenas Associates', '2864 Nunc St.', '(940) 531-1529'),
('TX310', 'Eleifend Non Dapibus Company', 'Ap #171-9136 Eget Street', '(822) 764-5777'),
('TX745', 'Vitae Diam Proin Ltd', '906-4297 Pellentesque Ave', '(606) 691-0520'),
('TY621', 'Est Ac Industries', '764-2125 Amet Ave', '(552) 398-9071'),
('TY929', 'Consequat Dolor Vitae Corporation', 'P.O. Box 831, 2038 Mauris. St.', '(752) 694-4883'),
('TZ725', 'Commodo Incorporated', '9755 Commodo Street', '(491) 737-6832'),
('UA715', 'Elit Pretium Incorporated', 'Ap #400-8054 Posuere, Road', '(574) 254-6105'),
('UC253', 'Morbi Sit Amet Corporation', 'P.O. Box 441, 5508 Quis Rd.', '(487) 978-6579'),
('UE433', 'Pretium Et Incorporated', 'Ap #757-601 Enim. Avenue', '(107) 762-1261'),
('UG001', 'Tristique LLC', 'P.O. Box 751, 3977 Vel St.', '(837) 594-4691'),
('UG146', 'Arcu Nunc LLP', 'P.O. Box 219, 1325 Tellus. Ave', '(371) 100-9101'),
('UH763', 'Etiam Corp.', '9012 Lacinia Av.', '(576) 530-2772'),
('UI073', 'Morbi Consulting', 'Ap #101-9676 Mollis. Ave', '(344) 505-1866'),
('UJ375', 'Egestas Lacinia Sed Industries', 'P.O. Box 788, 9297 Amet Road', '(295) 730-4155'),
('UJ958', 'Magna Limited', 'Ap #827-5530 Velit St.', '(669) 493-1512'),
('UL415', 'Nonummy Ltd', '281-9866 Iaculis Rd.', '(839) 721-2538'),
('UL419', 'Sapien Imperdiet Ornare Corporation', 'Ap #744-5919 Vel, St.', '(298) 623-6577'),
('UM134', 'Nullam PC', '209-9242 Dictum Av.', '(880) 810-3471'),
('UM136', 'Aliquet Diam Sed Consulting', 'P.O. Box 147, 368 Velit. Rd.', '(419) 958-4904'),
('UN219', 'Orci Lobortis PC', 'Ap #102-1634 Sapien Avenue', '(293) 599-6037'),
('UN676', 'Interdum Industries', '713-5429 In St.', '(177) 404-4899'),
('UO557', 'Faucibus Limited', 'P.O. Box 848, 7308 Donec Rd.', '(614) 461-9539'),
('UP276', 'Nec LLP', 'P.O. Box 658, 2508 Id St.', '(469) 627-6085'),
('UQ012', 'Cursus A Enim Consulting', '943-4783 Eget Avenue', '(939) 555-8773'),
('UQ483', 'Elementum Corporation', 'P.O. Box 707, 1523 Eu Av.', '(425) 232-9544'),
('UR176', 'Semper Auctor Industries', '131-9359 Diam Ave', '(402) 505-1440'),
('UR382', 'Augue Sed PC', '785-5432 Phasellus St.', '(533) 418-4673'),
('UR403', 'Libero Est Congue Corp.', 'P.O. Box 682, 2172 Mauris Ave', '(965) 563-6855'),
('US244', 'Morbi Neque Corporation', 'P.O. Box 194, 4920 Sit Ave', '(763) 670-5633'),
('UT051', 'Mollis Dui In LLC', 'Ap #807-9977 Massa Rd.', '(487) 785-7350'),
('UT275', 'Aliquet Company', 'P.O. Box 975, 7416 Sed Ave', '(885) 776-1445'),
('UV541', 'Non Enim Foundation', 'Ap #548-8284 Tellus. Road', '(628) 240-9535'),
('UV581', 'Non LLP', 'Ap #482-1943 Accumsan St.', '(510) 298-6943'),
('UV713', 'Vitae Aliquet Limited', 'Ap #631-1421 Molestie Avenue', '(641) 955-1158'),
('UX876', 'Ultricies Associates', '352-9155 Dictum Street', '(307) 168-7476'),
('UY376', 'Dui Incorporated', '688-9412 Sem Street', '(344) 826-4351'),
('UZ364', 'Dapibus Quam Foundation', '5754 Maecenas Avenue', '(400) 862-6745'),
('VB942', 'Tincidunt Nibh Phasellus Ltd', 'P.O. Box 938, 4146 Placerat, Road', '(990) 976-6249'),
('VC864', 'Porttitor Eros Nec LLC', '7482 Diam. Street', '(345) 781-3294'),
('VD521', 'Phasellus Foundation', '531-238 Risus St.', '(806) 539-8152'),
('VD816', 'Aliquam Associates', 'P.O. Box 354, 702 Luctus Street', '(833) 351-0753'),
('VG130', 'Senectus Et Industries', '398-5812 Nunc Rd.', '(367) 236-7135'),
('VG763', 'Mattis Semper Corp.', '9882 Eu, Rd.', '(115) 804-0620'),
('VI472', 'Phasellus Ornare Company', '267-3687 Quisque Rd.', '(608) 440-8868'),
('VI657', 'Maecenas Libero Est Consulting', '3214 Dolor. Av.', '(671) 467-4830'),
('VI766', 'A Feugiat Corp.', '8749 Iaculis St.', '(673) 152-6358'),
('VM986', 'Proin Sed Limited', 'P.O. Box 803, 274 Vestibulum Road', '(562) 373-0580'),
('VN503', 'Blandit Mattis Cras Corporation', 'P.O. Box 330, 6585 Blandit Ave', '(863) 254-7099'),
('VN647', 'Sed Libero Proin Company', '9126 Ac, Avenue', '(641) 813-3029'),
('VP645', 'Sed Dui Industries', '396-822 Ultrices Avenue', '(726) 185-7306'),
('VP686', 'Vulputate Nisi Industries', 'P.O. Box 843, 2809 Metus. Av.', '(235) 484-2240'),
('VR604', 'Metus Industries', 'P.O. Box 943, 4918 Commodo Av.', '(511) 344-4207'),
('VS486', 'Elit Dictum Eu Limited', 'Ap #495-5695 Magna. Avenue', '(807) 862-4775'),
('VU419', 'Lacinia Consulting', '3411 Rutrum St.', '(964) 634-3299'),
('VU665', 'Nulla Integer Vulputate Corp.', 'P.O. Box 384, 7460 Arcu Av.', '(507) 621-5654'),
('VU681', 'Dui In Institute', '594-6993 Mauris Av.', '(760) 566-8106'),
('VU762', 'Mi Foundation', 'Ap #162-4964 Duis St.', '(338) 101-4796'),
('VW158', 'Interdum Corporation', 'P.O. Box 219, 2457 Gravida. Road', '(485) 474-7364'),
('VW609', 'Vitae Erat Vivamus Incorporated', 'P.O. Box 967, 6466 Adipiscing Ave', '(192) 385-1424'),
('VX366', 'Enim Consulting', '715 Phasellus Road', '(317) 668-2591'),
('WA466', 'Ultrices Corp.', 'Ap #659-8473 Proin St.', '(397) 390-6618'),
('WA505', 'Proin Inc.', 'P.O. Box 393, 5030 Dolor St.', '(906) 475-0802'),
('WA719', 'Purus Gravida Sagittis Corp.', '7354 Vehicula Rd.', '(219) 840-4011'),
('WA958', 'Quis Ltd', 'Ap #967-1686 Habitant Av.', '(814) 216-1135'),
('WB299', 'Ut Odio Vel Associates', '756 Ut Street', '(957) 399-9660'),
('WB349', 'Accumsan Associates', 'P.O. Box 600, 8039 Posuere Street', '(621) 419-2785'),
('WB656', 'Mi Eleifend Egestas Ltd', 'Ap #976-5579 Fermentum Ave', '(162) 558-1456'),
('WB904', 'Sed Leo Industries', 'P.O. Box 153, 8326 Sociis Av.', '(266) 520-9996'),
('WD366', 'Egestas Corporation', 'Ap #445-888 Rutrum. Avenue', '(835) 505-7016'),
('WD426', 'Dictum Ultricies Inc.', '3968 Vivamus Street', '(129) 991-7585'),
('WE455', 'Sapien Gravida Non Limited', 'Ap #494-2706 Porttitor Av.', '(636) 864-0522'),
('WE471', 'Gravida Mauris Ut PC', '6759 Pretium St.', '(193) 118-4194'),
('WE966', 'Aenean Foundation', 'Ap #463-6695 Velit Street', '(785) 205-9533'),
('WF243', 'Egestas Lacinia Sed Inc.', '5506 Nisi Rd.', '(258) 569-0811'),
('WG133', 'Pede LLP', 'P.O. Box 720, 1786 Nunc, Rd.', '(629) 300-2075'),
('WG216', 'Erat Ltd', 'Ap #183-7967 Vivamus Rd.', '(327) 402-0835'),
('WG997', 'Pulvinar Arcu Et Institute', 'Ap #697-2921 Maecenas Road', '(243) 343-6160'),
('WH044', 'Adipiscing Associates', '108-6332 Ornare. Road', '(848) 689-6540'),
('WH082', 'Dictum Placerat PC', '246-4676 Mattis. Road', '(430) 823-7999'),
('WH629', 'Imperdiet Ullamcorper Duis LLC', '711-3831 Velit Rd.', '(255) 977-8947'),
('WI037', 'Diam Associates', 'P.O. Box 361, 1206 Ac Rd.', '(922) 609-1688'),
('WI492', 'Ullamcorper Magna Sed Inc.', 'Ap #632-5386 Ante Rd.', '(615) 961-7191'),
('WK115', 'Nisi Company', '562-206 Tempus St.', '(658) 374-3482'),
('WK171', 'Tincidunt Nunc Ac Industries', '8534 Pede. Road', '(343) 570-5643'),
('WK358', 'Lacus Mauris Foundation', '6650 Sit Av.', '(957) 137-1991'),
('WM254', 'Ligula Tortor Dictum PC', '608-8410 Molestie Av.', '(176) 191-1476'),
('WM640', 'Enim Consequat Consulting', '9622 Enim Av.', '(683) 848-9967'),
('WM896', 'Quam Dignissim Pharetra Foundation', '1243 A Rd.', '(816) 147-7256'),
('WO463', 'Malesuada Ut Institute', 'P.O. Box 368, 241 Est Avenue', '(308) 254-3707'),
('WQ925', 'Est Ac Facilisis Ltd', '588 Ultrices St.', '(872) 679-5155'),
('WR657', 'Nostra Per Corp.', 'P.O. Box 597, 6270 Fames Avenue', '(343) 423-0018'),
('WR947', 'Tincidunt Ltd', '313-7333 Vulputate Street', '(668) 761-1807'),
('WS659', 'Quam Pellentesque Habitant Incorporated', 'P.O. Box 645, 231 Erat Ave', '(986) 656-0768'),
('WS853', 'Mollis Nec LLC', '1757 Elit, St.', '(240) 840-9202'),
('WS912', 'Mollis Vitae Foundation', '3159 Donec St.', '(695) 587-0258'),
('WT003', 'Nisi LLC', 'P.O. Box 309, 2874 Parturient St.', '(855) 131-7718'),
('WU738', 'Massa PC', 'P.O. Box 558, 6268 Ornare. Rd.', '(559) 519-0715'),
('WV117', 'Feugiat Associates', '102 Ipsum Av.', '(624) 295-1172'),
('WV912', 'Lobortis Company', '3071 Tempus Rd.', '(760) 182-6006'),
('WW769', 'Duis Consulting', '206-3267 Ut, Ave', '(123) 865-6973'),
('WY713', 'Lectus Pede Et Consulting', 'P.O. Box 493, 4490 Consequat Avenue', '(729) 318-5961'),
('WY739', 'Sed Pharetra Felis Foundation', 'Ap #694-4292 Mauris Avenue', '(546) 109-3996'),
('WY950', 'Commodo At Libero Incorporated', 'Ap #118-1387 Convallis St.', '(582) 859-0412'),
('WZ232', 'Ac LLP', 'P.O. Box 400, 4774 Auctor Street', '(388) 636-0316'),
('WZ445', 'Ante Bibendum Ullamcorper PC', 'Ap #650-7074 Dui St.', '(947) 972-9023'),
('XC428', 'Eget Varius Ultrices LLC', 'Ap #157-8274 Vestibulum Road', '(456) 420-0332'),
('XE344', 'Cursus Et Magna Incorporated', '596-410 Arcu. Road', '(610) 332-3521'),
('XE663', 'Posuere At Limited', 'P.O. Box 794, 4835 In Rd.', '(207) 326-5062'),
('XF081', 'Ut Tincidunt Institute', 'Ap #283-8865 Placerat, St.', '(381) 617-3836'),
('XH248', 'Luctus Et Ultrices Corp.', '980-676 Pede, St.', '(291) 253-7036'),
('XI280', 'Amet Massa Inc.', 'P.O. Box 397, 952 Aliquet Street', '(643) 394-0606'),
('XI305', 'Integer Vitae Associates', '651-3739 Curabitur Road', '(412) 876-7204'),
('XI555', 'Varius Corporation', 'Ap #306-1601 Etiam Avenue', '(615) 349-0388'),
('XJ068', 'Eu Turpis Ltd', 'Ap #896-2765 Aliquet Rd.', '(144) 822-3339'),
('XJ883', 'Scelerisque Lorem LLC', 'Ap #996-3011 Praesent Rd.', '(212) 372-0905'),
('XL900', 'Sed Inc.', 'Ap #548-945 Quam. Ave', '(615) 248-9072'),
('XN275', 'Sit Associates', '403-834 Ullamcorper, Av.', '(788) 456-9500'),
('XO875', 'Nulla Ante Iaculis LLP', 'P.O. Box 656, 3152 Id Avenue', '(557) 271-6341'),
('XP004', 'Non Magna Nam PC', '2047 Enim Av.', '(582) 507-5226'),
('XP158', 'Non Lorem LLC', '135-4046 Tempor Road', '(709) 256-3516'),
('XP546', 'At Arcu Vestibulum Foundation', 'P.O. Box 429, 3675 Donec St.', '(566) 459-5272'),
('XQ282', 'Vivamus Rhoncus Donec Associates', 'P.O. Box 820, 4321 Scelerisque Road', '(724) 165-5509'),
('XQ779', 'Pede Blandit Congue LLP', 'Ap #647-2928 Nulla Ave', '(255) 402-9429'),
('XR693', 'Eu Industries', 'P.O. Box 281, 9104 Pede. St.', '(597) 970-6389');
INSERT INTO `distributor` (`dCode`, `dName`, `dAddress`, `dTelephone`) VALUES
('XS538', 'Convallis Ante Lectus LLP', '231-639 Elit, Avenue', '(207) 726-8893'),
('XU411', 'Praesent Luctus Curabitur Incorporated', 'P.O. Box 628, 4504 Sit Street', '(544) 656-4041'),
('XU451', 'Nec Eleifend Non Associates', 'Ap #410-9933 Vivamus Rd.', '(137) 173-6007'),
('XV162', 'Eu Incorporated', 'Ap #165-1346 Sit St.', '(355) 822-5833'),
('XW157', 'Mattis Company', 'P.O. Box 275, 4407 Sed Ave', '(846) 239-5065'),
('XX021', 'Sit Amet Lorem LLP', '2479 Risus Rd.', '(544) 942-5322'),
('XY629', 'Feugiat Associates', '3564 Nisi. Avenue', '(139) 903-8704'),
('XY781', 'Morbi Non Sapien Institute', '521-1369 Nullam Street', '(646) 762-9348'),
('XY803', 'Nullam LLC', 'Ap #574-3303 Tincidunt St.', '(522) 445-0550'),
('YA805', 'Nullam Lobortis Ltd', '1439 Curae Street', '(778) 855-8444'),
('YB429', 'Et Rutrum Incorporated', 'P.O. Box 727, 1437 Aliquet St.', '(633) 105-6242'),
('YC922', 'Aliquam Iaculis Lacus Foundation', 'P.O. Box 944, 4729 Vivamus Road', '(444) 223-5255'),
('YD615', 'Nunc Commodo Auctor Company', 'P.O. Box 667, 5394 Molestie Rd.', '(223) 978-7239'),
('YE521', 'Viverra Maecenas Industries', '177-1887 Ipsum. Rd.', '(934) 951-1395'),
('YE896', 'Dolor Corporation', '7714 Leo. Rd.', '(931) 625-8432'),
('YG622', 'Suspendisse Corp.', '5950 Fringilla Avenue', '(741) 185-1372'),
('YG694', 'Enim Incorporated', 'P.O. Box 476, 1265 Erat Ave', '(143) 691-5806'),
('YI238', 'Turpis Vitae PC', '352-7919 Nisi Avenue', '(571) 703-7292'),
('YI280', 'Phasellus Ornare Limited', '7848 Lobortis Av.', '(284) 132-9531'),
('YK154', 'Sed Neque Sed Company', '5546 Id, Rd.', '(969) 364-8275'),
('YM135', 'Sapien Nunc Pulvinar Corporation', '781-5443 Enim. Avenue', '(469) 630-7667'),
('YM575', 'Donec Est Associates', 'P.O. Box 773, 6193 Sagittis. Rd.', '(757) 255-9572'),
('YN605', 'A Auctor Corporation', 'P.O. Box 228, 8466 Nunc. Street', '(929) 435-5569'),
('YN953', 'Senectus Et Netus Institute', 'P.O. Box 632, 5061 Volutpat. Road', '(948) 204-1174'),
('YO193', 'Augue Associates', '201-429 Luctus St.', '(792) 331-4344'),
('YQ464', 'Auctor Institute', 'P.O. Box 457, 6567 Gravida Avenue', '(507) 288-4177'),
('YQ663', 'Eu Euismod Consulting', '4055 Et Avenue', '(478) 535-1703'),
('YT106', 'Metus In Consulting', 'P.O. Box 475, 7024 Nisi St.', '(841) 383-0000'),
('YV064', 'Blandit Congue Industries', 'Ap #682-2200 Aliquam Rd.', '(659) 942-4145'),
('YV906', 'Id Blandit Industries', 'P.O. Box 701, 7747 Aliquam Rd.', '(808) 294-4322'),
('YX365', 'Pharetra Associates', '912-1038 Eu, St.', '(414) 393-8976'),
('YY766', 'Eu Lacus Quisque LLC', 'Ap #456-3930 Mauris Av.', '(490) 470-6315'),
('YZ496', 'Et Pede Inc.', '929-4715 Pretium Road', '(597) 240-6436'),
('ZA374', 'Sed Dictum Incorporated', 'P.O. Box 113, 5043 Nulla Rd.', '(943) 636-2162'),
('ZA482', 'Est Congue Industries', 'P.O. Box 229, 5871 Dui St.', '(325) 163-3471'),
('ZB054', 'Consequat Enim PC', '7638 Augue, Av.', '(557) 631-0939'),
('ZD506', 'Orci Incorporated', '6474 Pede Rd.', '(739) 944-6857'),
('ZH966', 'Consequat Purus Industries', 'P.O. Box 489, 1152 Interdum Street', '(864) 497-9652'),
('ZI055', 'Semper Associates', 'Ap #481-9707 Non St.', '(374) 196-1337'),
('ZI790', 'Ipsum Cursus Vestibulum Industries', '807-7428 Quam Rd.', '(928) 556-1526'),
('ZN649', 'Pede Limited', '4394 Nisl. Rd.', '(685) 423-3278'),
('ZR251', 'Eros Non Inc.', '2216 Netus Rd.', '(451) 368-2891'),
('ZR942', 'Ipsum Foundation', '435-4347 Turpis Street', '(477) 390-0671'),
('ZR948', 'Neque PC', 'P.O. Box 923, 4272 Aliquam, St.', '(980) 384-6929'),
('ZS032', 'Lobortis Ltd', '691-6041 Nulla St.', '(270) 701-6632'),
('ZS430', 'Scelerisque Scelerisque LLC', '230-1297 Morbi Ave', '(490) 819-0935'),
('ZT671', 'Elit Pellentesque A Associates', 'Ap #985-7997 Adipiscing Ave', '(989) 657-3571'),
('ZU240', 'Nec Quam Curabitur LLC', 'Ap #525-3642 Et Rd.', '(694) 285-3475'),
('ZU576', 'Amet Incorporated', '283-355 Bibendum. Road', '(100) 338-6016'),
('ZV390', 'Pulvinar Arcu Et Ltd', 'Ap #518-8436 Enim St.', '(204) 185-2472'),
('ZV943', 'Convallis Limited', '524-2061 Commodo Rd.', '(783) 753-4886'),
('ZX237', 'Maecenas Foundation', 'P.O. Box 264, 9685 Eu Avenue', '(671) 862-2527'),
('ZX551', 'Nec Ante LLC', 'Ap #163-7414 Suscipit Avenue', '(369) 583-6155'),
('ZX758', 'Egestas LLC', 'Ap #330-1633 Per St.', '(918) 582-3597'),
('ZX878', 'Ridiculus Company', 'P.O. Box 763, 8665 Dolor St.', '(363) 510-5178');

-- --------------------------------------------------------

--
-- Table structure for table `invoice`
--

CREATE TABLE IF NOT EXISTS `invoice` (
  `invoiceID` int(11) NOT NULL AUTO_INCREMENT,
  `dCode` varchar(255) NOT NULL,
  `invoiceDate` date NOT NULL,
  `invoiceNote` varchar(255) DEFAULT NULL,
  `invoicePayMode` varchar(255) DEFAULT NULL,
  `invoiceTotal` double NOT NULL,
  PRIMARY KEY (`invoiceID`),
  KEY `fk_invoice_distributor1_idx` (`dCode`)
) ENGINE=InnoDB  DEFAULT CHARSET=latin1 AUTO_INCREMENT=1001 ;

--
-- Dumping data for table `invoice`
--

INSERT INTO `invoice` (`invoiceID`, `dCode`, `invoiceDate`, `invoiceNote`, `invoicePayMode`, `invoiceTotal`) VALUES
(1, 'GL766', '2015-11-09', 'consectetuer adipiscing elit. Etiam laoreet, libero et tristique pellentesque,', 'paid', 4808),
(2, 'WY713', '2015-01-18', 'orci lobortis augue', 'credit', 176),
(3, 'NW785', '2016-02-18', 'ut odio vel est tempor bibendum. Donec felis', 'cash', 2965),
(4, 'YV064', '2015-07-22', 'felis eget varius ultrices, mauris ipsum porta elit,', 'credit', 4481),
(5, 'WG216', '2016-11-08', 'porttitor eros nec tellus. Nunc', 'paid', 4931),
(6, 'XF081', '2016-09-23', 'sed libero.', 'cash', 2615),
(7, 'OX374', '2016-11-08', 'velit. Pellentesque ultricies dignissim lacus. Aliquam rutrum lorem ac risus.', 'credit', 3418),
(8, 'GB377', '2016-03-23', 'Donec felis orci,', 'cash', 221),
(9, 'ID297', '2016-10-15', 'hendrerit neque. In ornare sagittis felis. Donec tempor, est ac', 'credit', 456),
(10, 'IP810', '2016-11-02', 'at', 'cheque', 2463),
(11, 'CH852', '2015-06-06', 'odio. Nam interdum enim non nisi. Aenean', 'paid', 1241),
(12, 'LW316', '2015-08-08', 'Donec est. Nunc ullamcorper, velit in aliquet lobortis, nisi nibh', 'cash', 3637),
(13, 'DZ531', '2015-04-09', 'libero et tristique', 'cash', 168),
(14, 'NH467', '2015-08-27', 'mus. Proin vel arcu eu', 'paid', 2227),
(15, 'IO030', '2015-05-03', 'enim. Etiam', 'paid', 277),
(16, 'LA496', '2016-03-21', 'aliquet diam. Sed diam lorem, auctor', 'cheque', 3289),
(17, 'DZ531', '2016-02-17', 'tristique neque venenatis lacus. Etiam bibendum fermentum', 'cheque', 4530),
(18, 'JM989', '2015-04-26', 'sagittis semper. Nam', 'cheque', 604),
(19, 'BR535', '2015-12-05', 'ante', 'cash', 4116),
(20, 'ZA482', '2015-04-23', 'congue. In scelerisque scelerisque dui. Suspendisse ac', 'credit', 1779),
(21, 'XN275', '2016-11-02', 'In nec orci. Donec nibh. Quisque nonummy ipsum non arcu.', 'paid', 440),
(22, 'ZU576', '2015-07-06', 'a feugiat tellus lorem eu metus.', 'paid', 4512),
(23, 'SM688', '2016-03-07', 'magna. Suspendisse tristique neque venenatis lacus. Etiam bibendum fermentum metus.', 'cheque', 3129),
(24, 'LI000', '2015-03-12', 'scelerisque neque sed sem egestas blandit. Nam nulla', 'paid', 3066),
(25, 'BV062', '2016-07-25', 'eros nec tellus. Nunc lectus', 'credit', 1326),
(26, 'FL680', '2015-03-29', 'et malesuada fames ac turpis egestas. Aliquam fringilla cursus', 'cash', 4590),
(27, 'PL064', '2015-05-24', 'ipsum non', 'credit', 242),
(28, 'AK099', '2016-03-23', 'sollicitudin orci sem eget massa. Suspendisse eleifend.', 'cash', 1786),
(29, 'GQ077', '2015-11-18', 'Quisque libero lacus, varius et, euismod et, commodo at, libero.', 'credit', 3409),
(30, 'EZ646', '2015-01-25', 'neque et nunc. Quisque ornare tortor at', 'paid', 4120),
(31, 'AU143', '2016-05-09', 'lectus, a sollicitudin orci sem eget massa.', 'paid', 1703),
(32, 'IW793', '2016-12-02', 'malesuada vel, venenatis vel, faucibus', 'credit', 598),
(33, 'TW910', '2016-05-31', 'vitae erat vel pede blandit congue. In', 'credit', 4797),
(34, 'GE258', '2015-08-09', 'ipsum. Suspendisse sagittis. Nullam vitae diam. Proin', 'paid', 3182),
(35, 'PQ693', '2015-04-15', 'pede nec', 'cash', 1394),
(36, 'NB319', '2015-04-30', 'Nunc mauris. Morbi non sapien molestie orci tincidunt', 'cheque', 3115),
(37, 'JO913', '2016-08-21', 'vitae nibh. Donec est mauris, rhoncus id, mollis nec, cursus', 'cheque', 3621),
(38, 'JJ012', '2015-09-02', 'ante. Maecenas mi felis, adipiscing fringilla, porttitor vulputate, posuere vulputate,', 'cheque', 4589),
(39, 'UL419', '2016-08-01', 'Nunc ac sem ut dolor', 'paid', 3766),
(40, 'SC627', '2016-03-16', 'a, scelerisque sed, sapien. Nunc pulvinar arcu', 'paid', 2616),
(41, 'JM824', '2016-04-26', 'in sodales elit erat vitae risus.', 'cheque', 2294),
(42, 'XI555', '2016-06-08', 'sed tortor. Integer aliquam adipiscing lacus. Ut', 'paid', 2850),
(43, 'AL012', '2015-05-14', 'Sed molestie. Sed id', 'cheque', 3012),
(44, 'DX008', '2015-02-19', 'erat, eget tincidunt dui augue eu', 'credit', 761),
(45, 'LN393', '2015-04-14', 'sed turpis nec mauris', 'credit', 4853),
(46, 'VR604', '2016-01-25', 'congue, elit sed consequat auctor,', 'cheque', 1667),
(47, 'RB073', '2015-07-25', 'tincidunt.', 'cheque', 2747),
(48, 'XR693', '2015-08-28', 'ac arcu. Nunc', 'cash', 398),
(49, 'CF374', '2016-07-05', 'ligula. Aenean euismod', 'paid', 3493),
(50, 'YI238', '2015-05-12', 'augue id ante dictum', 'cash', 2225),
(51, 'WE455', '2015-10-17', 'sem. Pellentesque ut ipsum ac mi eleifend egestas.', 'cash', 1381),
(52, 'RG602', '2016-05-05', 'orci, consectetuer euismod est arcu', 'cheque', 2636),
(53, 'EC087', '2016-09-08', 'lacus, varius et, euismod', 'cash', 1598),
(54, 'BU976', '2016-06-13', 'nostra, per inceptos hymenaeos.', 'cheque', 2216),
(55, 'NF122', '2016-11-01', 'dui quis accumsan convallis, ante lectus convallis est, vitae', 'cheque', 4513),
(56, 'NO820', '2015-03-09', 'ac, feugiat', 'cheque', 3446),
(57, 'US244', '2015-03-22', 'felis purus ac', 'paid', 2870),
(58, 'BP976', '2016-04-17', 'et, magna.', 'credit', 3699),
(59, 'HT348', '2016-10-12', 'parturient montes, nascetur ridiculus mus.', 'credit', 2735),
(60, 'XY629', '2016-01-14', 'eu sem. Pellentesque', 'cash', 555),
(61, 'HJ169', '2016-07-29', 'lacinia. Sed congue, elit sed consequat auctor, nunc nulla', 'paid', 108),
(62, 'AH241', '2016-03-15', 'lacinia. Sed congue, elit sed consequat auctor, nunc', 'paid', 4758),
(63, 'BE701', '2016-04-23', 'augue. Sed molestie. Sed id risus quis diam', 'credit', 1074),
(64, 'XF081', '2016-04-20', 'Ut semper pretium neque. Morbi quis urna. Nunc', 'credit', 580),
(65, 'HW377', '2016-06-12', 'vel arcu eu odio tristique pharetra.', 'paid', 2380),
(66, 'MR064', '2016-12-08', 'amet diam', 'credit', 3515),
(67, 'TL385', '2015-05-01', 'Nam porttitor scelerisque neque.', 'cheque', 4650),
(68, 'NW785', '2016-04-07', 'tellus. Phasellus elit pede, malesuada vel, venenatis vel, faucibus id,', 'credit', 2521),
(69, 'ID297', '2016-09-13', 'litora torquent per conubia nostra, per inceptos hymenaeos. Mauris ut', 'credit', 1277),
(70, 'HI208', '2016-04-13', 'mauris sit amet lorem', 'paid', 3246),
(71, 'DT654', '2016-02-09', 'Fusce mollis. Duis', 'credit', 1833),
(72, 'AG045', '2016-06-14', 'pretium aliquet, metus urna convallis erat, eget tincidunt dui', 'credit', 2947),
(73, 'LG411', '2015-11-10', 'amet nulla. Donec non justo. Proin', 'cheque', 1414),
(74, 'SY719', '2016-11-21', 'lacus. Etiam bibendum fermentum metus. Aenean sed', 'paid', 3124),
(75, 'QB246', '2016-05-05', 'elit. Nulla facilisi. Sed neque. Sed eget lacus.', 'cheque', 4589),
(76, 'VD816', '2015-09-15', 'egestas. Sed pharetra, felis eget varius', 'cash', 161),
(77, 'PJ373', '2015-03-20', 'Cum sociis natoque penatibus et', 'credit', 3233),
(78, 'TU386', '2015-09-11', 'eu tellus eu augue porttitor', 'cheque', 2932),
(79, 'NN222', '2015-11-25', 'parturient montes, nascetur ridiculus', 'paid', 128),
(80, 'AB819', '2014-12-30', 'neque tellus, imperdiet non, vestibulum nec,', 'cash', 4819),
(81, 'KW405', '2016-06-07', 'vel nisl. Quisque fringilla euismod', 'cheque', 2983),
(82, 'BP336', '2015-06-04', 'eu', 'credit', 3685),
(83, 'JV911', '2015-12-29', 'quis accumsan convallis,', 'paid', 1283),
(84, 'JA055', '2016-10-17', 'porta elit, a feugiat tellus lorem eu metus. In', 'cash', 2199),
(85, 'OY039', '2016-10-16', 'Phasellus nulla. Integer vulputate, risus', 'credit', 2553),
(86, 'EC284', '2015-09-07', 'lorem, vehicula et, rutrum eu, ultrices sit', 'paid', 1320),
(87, 'FE906', '2015-03-22', 'elit, pretium et, rutrum non,', 'paid', 2592),
(88, 'CM664', '2015-09-08', 'dis parturient montes, nascetur ridiculus mus. Proin vel nisl.', 'cash', 4146),
(89, 'KQ195', '2015-06-16', 'eget tincidunt dui augue eu tellus. Phasellus', 'credit', 436),
(90, 'QO117', '2015-07-19', 'faucibus id, libero.', 'cash', 4305),
(91, 'DO370', '2015-07-16', 'ligula. Aliquam erat volutpat. Nulla dignissim. Maecenas ornare egestas', 'cash', 1431),
(92, 'WA719', '2015-12-04', 'Nam interdum enim non', 'cash', 3314),
(93, 'LW316', '2016-12-09', 'enim, condimentum eget, volutpat ornare, facilisis eget, ipsum. Donec', 'paid', 311),
(94, 'BX557', '2015-11-02', 'vitae, posuere at, velit. Cras lorem lorem, luctus ut, pellentesque', 'paid', 4336),
(95, 'DZ188', '2016-05-16', 'lacus. Quisque imperdiet, erat nonummy ultricies ornare, elit elit fermentum', 'credit', 2223),
(96, 'JC721', '2015-09-19', 'vel arcu. Curabitur ut', 'cash', 3370),
(97, 'LW838', '2015-04-19', 'mauris. Integer sem elit,', 'cheque', 3804),
(98, 'BU526', '2016-02-25', 'sem, vitae aliquam eros turpis non enim. Mauris quis', 'credit', 3091),
(99, 'BV378', '2016-04-27', 'ridiculus mus.', 'credit', 2671),
(100, 'CW272', '2016-07-08', 'Sed diam lorem, auctor quis, tristique ac, eleifend vitae,', 'cheque', 1653),
(101, 'PW643', '2016-07-27', 'Donec', 'cash', 4115),
(102, 'GB377', '2015-05-12', 'ultricies sem', 'cash', 2548),
(103, 'RO009', '2015-12-14', 'Aliquam auctor, velit eget laoreet posuere,', 'paid', 2162),
(104, 'QP057', '2016-06-12', 'Suspendisse ac metus vitae velit egestas lacinia. Sed congue, elit', 'credit', 4793),
(105, 'XR693', '2016-02-03', 'tincidunt vehicula risus. Nulla eget metus eu erat semper rutrum.', 'paid', 700),
(106, 'XI280', '2016-06-08', 'lacus, varius et, euismod et, commodo at, libero.', 'credit', 4921),
(107, 'MQ115', '2016-02-20', 'ultricies adipiscing, enim mi tempor lorem,', 'paid', 3044),
(108, 'NN222', '2015-03-20', 'aliquet libero. Integer', 'cheque', 753),
(109, 'DN305', '2016-08-25', 'Sed eu nibh vulputate mauris sagittis placerat. Cras', 'credit', 880),
(110, 'LZ105', '2015-01-23', 'justo nec ante. Maecenas', 'credit', 1522),
(111, 'LB834', '2015-08-12', 'eu lacus.', 'paid', 656),
(112, 'LS810', '2016-12-02', 'felis orci, adipiscing non, luctus sit amet, faucibus ut,', 'paid', 829),
(113, 'AK099', '2015-03-13', 'gravida. Praesent eu nulla at sem molestie sodales. Mauris', 'paid', 790),
(114, 'RZ981', '2016-12-10', 'Aliquam fringilla cursus purus.', 'credit', 1882),
(115, 'XY781', '2016-05-08', 'sit amet orci. Ut sagittis lobortis', 'cheque', 4312),
(116, 'OA713', '2015-05-27', 'convallis, ante', 'cash', 1251),
(117, 'AI422', '2015-12-26', 'venenatis lacus. Etiam bibendum fermentum metus. Aenean sed', 'credit', 4840),
(118, 'ED976', '2016-09-14', 'dui. Suspendisse ac metus', 'credit', 3028),
(119, 'KN763', '2016-09-03', 'tincidunt', 'cash', 3120),
(120, 'OU407', '2015-09-08', 'Cras dolor dolor, tempus non, lacinia at,', 'cash', 281),
(121, 'QN236', '2015-08-18', 'suscipit, est ac facilisis facilisis, magna tellus faucibus leo,', 'paid', 1939),
(122, 'UN219', '2016-04-29', 'semper auctor. Mauris vel turpis. Aliquam', 'credit', 4441),
(123, 'IS527', '2016-11-08', 'Suspendisse commodo tincidunt nibh. Phasellus nulla. Integer', 'cheque', 1477),
(124, 'JM961', '2015-01-08', 'urna. Nullam lobortis quam', 'cash', 3830),
(125, 'UQ483', '2015-12-12', 'Nunc ac sem', 'credit', 1469),
(126, 'IO309', '2016-04-06', 'bibendum ullamcorper. Duis cursus, diam', 'paid', 1710),
(127, 'OX781', '2016-01-16', 'auctor quis, tristique ac, eleifend', 'credit', 3400),
(128, 'UV541', '2015-04-01', 'sapien. Aenean massa. Integer vitae', 'cheque', 3900),
(129, 'VS486', '2016-03-10', 'pellentesque massa lobortis ultrices. Vivamus rhoncus. Donec est.', 'credit', 3280),
(130, 'RQ095', '2015-03-02', 'Cras interdum. Nunc', 'credit', 4854),
(131, 'CK612', '2015-02-02', 'gravida sit amet, dapibus id, blandit at, nisi. Cum', 'cash', 871),
(132, 'XQ282', '2015-04-03', 'ligula. Donec luctus aliquet', 'cash', 789),
(133, 'YQ663', '2016-06-25', 'at augue id ante dictum cursus. Nunc', 'cheque', 1930),
(134, 'IK417', '2016-03-16', 'molestie orci tincidunt adipiscing. Mauris', 'credit', 1589),
(135, 'QV268', '2015-06-13', 'mi, ac mattis velit justo nec ante. Maecenas', 'cash', 4223),
(136, 'IO030', '2016-01-24', 'lobortis ultrices. Vivamus rhoncus.', 'cash', 1060),
(137, 'MJ709', '2015-02-20', 'ullamcorper.', 'credit', 2514),
(138, 'XR693', '2016-06-10', 'dolor, tempus non, lacinia at, iaculis quis, pede. Praesent eu', 'cheque', 3201),
(139, 'DU277', '2015-05-27', 'commodo auctor velit. Aliquam nisl. Nulla eu neque', 'paid', 4772),
(140, 'GR452', '2016-05-12', 'eu elit. Nulla facilisi.', 'cash', 846),
(141, 'JM961', '2016-06-02', 'dis parturient montes, nascetur ridiculus mus.', 'cash', 1692),
(142, 'IK943', '2015-04-21', 'venenatis', 'cash', 4709),
(143, 'IH181', '2015-10-18', 'ultrices', 'cash', 1523),
(144, 'GD939', '2015-09-10', 'volutpat. Nulla dignissim. Maecenas ornare egestas ligula.', 'paid', 4517),
(145, 'AP684', '2016-07-13', 'Nunc mauris.', 'paid', 1927),
(146, 'QB246', '2016-01-26', 'Integer sem elit, pharetra ut,', 'credit', 3966),
(147, 'QQ221', '2016-04-19', 'mollis. Integer tincidunt aliquam arcu. Aliquam ultrices iaculis odio. Nam', 'cash', 4733),
(148, 'SC627', '2015-11-06', 'adipiscing', 'cheque', 4586),
(149, 'KS292', '2015-08-07', 'vestibulum lorem, sit amet ultricies sem', 'cheque', 2858),
(150, 'DE833', '2015-10-03', 'In', 'cash', 2652),
(151, 'KH979', '2016-07-11', 'convallis erat, eget tincidunt', 'paid', 2398),
(152, 'OX374', '2016-11-14', 'porttitor', 'credit', 1269),
(153, 'WK358', '2015-01-28', 'lacinia orci, consectetuer', 'paid', 165),
(154, 'ID338', '2016-01-13', 'vestibulum massa rutrum magna. Cras convallis convallis', 'credit', 2555),
(155, 'YZ496', '2016-02-11', 'id, erat. Etiam vestibulum massa rutrum magna.', 'cash', 2406),
(156, 'JR329', '2016-05-08', 'lorem', 'cash', 4389),
(157, 'UC253', '2015-07-25', 'Aliquam erat volutpat. Nulla facilisis. Suspendisse commodo tincidunt nibh.', 'cash', 4007),
(158, 'CM664', '2016-11-22', 'nascetur', 'credit', 2586),
(159, 'UG146', '2015-08-21', 'elit, dictum eu, eleifend nec, malesuada ut, sem. Nulla interdum.', 'cheque', 1907),
(160, 'HR346', '2016-11-13', 'pellentesque a, facilisis', 'credit', 1603),
(161, 'CM664', '2015-04-08', 'odio. Etiam ligula tortor, dictum eu, placerat', 'cash', 4278),
(162, 'MV561', '2016-07-26', 'facilisis non, bibendum', 'credit', 3246),
(163, 'PM832', '2015-02-11', 'cursus et, eros. Proin', 'paid', 1840),
(164, 'KY233', '2016-10-11', 'risus, at fringilla purus mauris a', 'paid', 2108),
(165, 'LS810', '2015-04-23', 'Pellentesque ut ipsum ac mi eleifend egestas.', 'cash', 488),
(166, 'KM659', '2015-01-31', 'sit amet nulla. Donec non justo. Proin non massa', 'paid', 946),
(167, 'OG283', '2015-08-29', 'tortor. Nunc commodo auctor velit. Aliquam', 'credit', 3862),
(168, 'LG411', '2016-04-03', 'ante, iaculis nec, eleifend', 'cash', 979),
(169, 'YZ496', '2016-03-23', 'Sed auctor odio a purus. Duis', 'cheque', 775),
(170, 'ZH966', '2015-11-25', 'velit eget laoreet posuere, enim nisl elementum purus,', 'paid', 896),
(171, 'XY629', '2015-12-16', 'risus. Nulla eget metus eu erat', 'cheque', 3121),
(172, 'GQ562', '2016-10-20', 'ultricies ornare, elit elit fermentum risus,', 'cash', 766),
(173, 'FD717', '2016-01-30', 'Nulla tincidunt, neque vitae', 'paid', 2591),
(174, 'GB012', '2015-10-05', 'semper erat, in consectetuer ipsum nunc id enim. Curabitur massa.', 'credit', 1315),
(175, 'EZ083', '2016-12-01', 'eu dui. Cum sociis natoque', 'cheque', 3744),
(176, 'KP777', '2015-01-17', 'mattis. Cras eget nisi dictum augue', 'cheque', 2802),
(177, 'PF703', '2016-02-23', 'neque non quam. Pellentesque habitant morbi tristique', 'cheque', 2527),
(178, 'OV986', '2015-11-10', 'posuere at,', 'credit', 3192),
(179, 'EZ083', '2016-08-15', 'mauris elit, dictum eu, eleifend', 'cheque', 235),
(180, 'KA794', '2016-12-10', 'a, dui. Cras pellentesque. Sed dictum. Proin eget', 'cash', 932),
(181, 'JG151', '2015-05-03', 'amet, consectetuer adipiscing elit. Curabitur', 'paid', 4224),
(182, 'UG146', '2015-02-12', 'consequat nec, mollis vitae, posuere at, velit. Cras lorem', 'cheque', 4578),
(183, 'HL849', '2015-12-20', 'pharetra, felis', 'paid', 687),
(184, 'NY569', '2015-04-05', 'elit, pretium et, rutrum non, hendrerit id, ante. Nunc mauris', 'cheque', 418),
(185, 'PJ373', '2015-11-29', 'ante ipsum primis in', 'paid', 1111),
(186, 'CM664', '2016-08-04', 'lorem lorem, luctus ut, pellentesque eget,', 'cash', 4214),
(187, 'SU333', '2016-11-30', 'molestie arcu. Sed eu nibh vulputate mauris sagittis placerat.', 'credit', 3451),
(188, 'SU390', '2015-12-21', 'vel est tempor bibendum. Donec felis orci, adipiscing', 'cash', 3995),
(189, 'GQ562', '2015-10-15', 'venenatis vel, faucibus', 'paid', 3668),
(190, 'HG880', '2015-05-24', 'Fusce mollis. Duis sit amet diam eu dolor egestas', 'credit', 278),
(191, 'CK523', '2015-10-08', 'in, cursus et, eros. Proin ultrices. Duis volutpat nunc sit', 'cash', 4347),
(192, 'YG694', '2015-08-01', 'ipsum primis in faucibus orci', 'cash', 4599),
(193, 'BL910', '2016-06-02', 'sit', 'credit', 4935),
(194, 'DD138', '2015-02-24', 'dictum cursus. Nunc mauris elit, dictum eu, eleifend nec,', 'cheque', 4722),
(195, 'CI928', '2015-07-19', 'arcu. Sed eu nibh vulputate', 'paid', 1866),
(196, 'TV962', '2016-09-22', 'scelerisque neque', 'credit', 1186),
(197, 'WM254', '2015-10-15', 'mollis. Integer', 'credit', 1029),
(198, 'CH142', '2016-07-30', 'Nam interdum enim non nisi. Aenean eget metus.', 'cash', 3110),
(199, 'XV162', '2015-08-17', 'augue. Sed molestie. Sed', 'cash', 924),
(200, 'OJ301', '2015-08-04', 'Nam nulla magna,', 'cheque', 4939),
(201, 'DN259', '2015-12-24', 'in faucibus orci luctus et ultrices posuere cubilia Curae Donec', 'credit', 1815),
(202, 'TS057', '2016-01-05', 'sodales. Mauris blandit enim consequat purus. Maecenas libero', 'paid', 4721),
(203, 'UJ375', '2016-02-23', 'velit. Aliquam nisl. Nulla eu neque pellentesque massa', 'cash', 1224),
(204, 'IL049', '2016-06-14', 'Donec luctus aliquet odio. Etiam ligula', 'credit', 4445),
(205, 'TY621', '2016-06-06', 'mollis nec, cursus a, enim. Suspendisse', 'cheque', 1901),
(206, 'XV162', '2014-12-28', 'lectus pede, ultrices a,', 'credit', 1826),
(207, 'DY343', '2014-12-29', 'a, aliquet vel, vulputate eu, odio. Phasellus at augue', 'cash', 3246),
(208, 'ED182', '2016-12-21', 'ornare', 'credit', 3880),
(209, 'VD816', '2016-02-10', 'dictum eu,', 'credit', 201),
(210, 'EP113', '2015-11-06', 'feugiat', 'cash', 4415),
(211, 'JZ650', '2015-12-17', 'Morbi metus. Vivamus euismod urna.', 'cheque', 2409),
(212, 'UQ483', '2015-02-28', 'posuere cubilia Curae', 'paid', 2630),
(213, 'CX355', '2015-01-22', 'rutrum eu, ultrices sit amet, risus. Donec nibh enim,', 'cash', 4455),
(214, 'JM824', '2016-12-18', 'Nulla', 'credit', 1252),
(215, 'OL725', '2015-07-02', 'ultricies dignissim lacus. Aliquam rutrum lorem ac', 'cheque', 1478),
(216, 'ID338', '2015-05-25', 'odio semper cursus. Integer mollis. Integer tincidunt', 'cash', 2922),
(217, 'NI717', '2015-01-24', 'convallis in,', 'paid', 1609),
(218, 'ZS430', '2016-09-21', 'non, vestibulum nec, euismod in, dolor. Fusce', 'credit', 906),
(219, 'HT348', '2016-06-10', 'tortor. Nunc commodo auctor velit. Aliquam nisl. Nulla', 'cheque', 4652),
(220, 'YG694', '2015-07-18', 'nec quam. Curabitur vel lectus. Cum', 'cash', 4063),
(221, 'EZ083', '2015-03-15', 'Donec felis orci, adipiscing non, luctus', 'paid', 3050),
(222, 'EM003', '2015-12-19', 'massa. Quisque porttitor eros', 'credit', 4289),
(223, 'TR408', '2016-11-22', 'Aliquam', 'credit', 3551),
(224, 'VD816', '2016-02-15', 'tortor. Nunc commodo auctor velit. Aliquam nisl.', 'cheque', 4869),
(225, 'CW272', '2015-06-15', 'leo.', 'credit', 568),
(226, 'BC888', '2016-08-08', 'molestie.', 'paid', 3673),
(227, 'AF177', '2015-06-10', 'amet, faucibus ut, nulla. Cras eu tellus eu', 'paid', 3680),
(228, 'MK016', '2015-07-19', 'penatibus et magnis dis parturient montes, nascetur ridiculus mus. Proin', 'credit', 908),
(229, 'VD816', '2016-07-03', 'Praesent', 'credit', 2435),
(230, 'UJ958', '2015-01-03', 'a, enim. Suspendisse', 'cheque', 4514),
(231, 'DL636', '2016-02-19', 'Proin velit. Sed malesuada augue ut lacus. Nulla', 'paid', 1280),
(232, 'OC557', '2016-05-24', 'quis, tristique ac, eleifend vitae, erat. Vivamus nisi.', 'cheque', 3809),
(233, 'QU227', '2015-10-24', 'sit amet, consectetuer adipiscing elit.', 'paid', 2785),
(234, 'WF243', '2016-02-06', 'facilisis lorem tristique aliquet. Phasellus fermentum convallis ligula.', 'cash', 4987),
(235, 'MB697', '2014-12-30', 'sociis natoque penatibus et', 'paid', 4450),
(236, 'SC364', '2016-09-11', 'ligula. Donec', 'paid', 4507),
(237, 'WK115', '2015-09-24', 'est', 'cash', 798),
(238, 'FL680', '2015-04-22', 'nibh. Quisque nonummy ipsum non arcu. Vivamus', 'cash', 161),
(239, 'GZ798', '2016-01-04', 'Mauris ut', 'paid', 2324),
(240, 'CL351', '2016-07-05', 'interdum enim non nisi. Aenean eget metus. In nec orci.', 'cheque', 4682),
(241, 'NU972', '2015-06-06', 'enim, condimentum eget, volutpat ornare,', 'paid', 1318),
(242, 'WK171', '2016-02-11', 'Aliquam rutrum lorem ac risus. Morbi metus. Vivamus euismod', 'credit', 2977),
(243, 'BB001', '2016-03-08', 'diam dictum sapien. Aenean massa.', 'paid', 2925),
(244, 'UE433', '2016-07-01', 'non enim.', 'credit', 321),
(245, 'KW405', '2015-08-01', 'sed pede nec ante blandit', 'credit', 2886),
(246, 'TU064', '2016-02-18', 'volutpat. Nulla', 'cheque', 4901),
(247, 'BG107', '2016-05-17', 'Donec nibh', 'credit', 4747),
(248, 'KZ847', '2016-02-23', 'Mauris quis turpis', 'cash', 4008),
(249, 'YO193', '2016-02-03', 'Ut sagittis lobortis mauris.', 'credit', 738),
(250, 'OK127', '2016-06-08', 'lacinia. Sed congue, elit sed consequat auctor,', 'paid', 592),
(251, 'GX699', '2015-09-25', 'sem, consequat nec, mollis vitae, posuere', 'credit', 408),
(252, 'YI280', '2015-02-16', 'eget laoreet posuere, enim', 'credit', 2325),
(253, 'JM961', '2016-09-01', 'sem, consequat', 'cash', 4438),
(254, 'JJ012', '2015-05-26', 'lorem, sit amet', 'cheque', 2300),
(255, 'LW838', '2016-03-21', 'in consequat', 'cash', 1090),
(256, 'RO009', '2015-12-02', 'at, libero. Morbi accumsan laoreet ipsum.', 'paid', 399),
(257, 'XS538', '2016-11-10', 'Nunc pulvinar arcu et pede.', 'cheque', 921),
(258, 'NX468', '2015-09-23', 'lobortis', 'cash', 3507),
(259, 'RM521', '2015-01-15', 'Morbi neque tellus, imperdiet non, vestibulum', 'paid', 395),
(260, 'GZ798', '2016-11-05', 'volutpat. Nulla facilisis. Suspendisse commodo tincidunt nibh.', 'cash', 1190),
(261, 'MR064', '2015-06-11', 'arcu ac orci. Ut', 'cash', 2745),
(262, 'BI789', '2015-03-09', 'pretium aliquet, metus', 'cheque', 4242),
(263, 'JC085', '2016-10-20', 'amet, faucibus ut, nulla. Cras eu tellus eu', 'cash', 3004),
(264, 'WH082', '2016-09-29', 'dictum cursus. Nunc mauris elit,', 'credit', 2804),
(265, 'RQ095', '2015-08-30', 'enim. Sed nulla ante, iaculis', 'cash', 3390),
(266, 'FN932', '2016-04-20', 'feugiat placerat velit. Quisque varius. Nam porttitor', 'cheque', 2634),
(267, 'ZH966', '2016-05-09', 'et ultrices posuere', 'credit', 1993),
(268, 'LW316', '2016-01-03', 'vestibulum. Mauris magna. Duis dignissim', 'cheque', 1159),
(269, 'DN097', '2015-05-14', 'ut, pharetra sed, hendrerit', 'paid', 918),
(270, 'UR403', '2015-03-04', 'justo eu arcu. Morbi sit amet massa.', 'cash', 4572),
(271, 'LK839', '2015-02-23', 'vestibulum, neque sed dictum eleifend,', 'cheque', 368),
(272, 'FO387', '2015-04-04', 'aliquet magna a neque. Nullam', 'credit', 2243),
(273, 'WB299', '2016-07-14', 'auctor ullamcorper, nisl arcu iaculis enim,', 'paid', 4464),
(274, 'KN113', '2015-01-31', 'purus sapien, gravida non,', 'cheque', 4396),
(275, 'IS988', '2015-06-29', 'eu metus. In lorem. Donec elementum, lorem ut', 'cash', 1510),
(276, 'TW910', '2015-07-10', 'suscipit nonummy. Fusce', 'credit', 4378),
(277, 'CH118', '2015-04-30', 'eget laoreet posuere, enim nisl elementum purus, accumsan', 'cash', 4234),
(278, 'HS637', '2015-03-29', 'turpis non enim. Mauris quis turpis', 'cheque', 1937),
(279, 'SG986', '2016-09-25', 'nisi. Mauris nulla. Integer urna. Vivamus molestie dapibus', 'cash', 3810),
(280, 'TT805', '2015-02-06', 'Nullam vitae diam. Proin dolor. Nulla semper tellus id', 'paid', 2855),
(281, 'WG216', '2015-11-13', 'bibendum fermentum metus. Aenean sed pede', 'paid', 3875),
(282, 'AP684', '2015-06-21', 'sit amet,', 'cheque', 1207),
(283, 'WZ445', '2016-06-01', 'commodo tincidunt nibh. Phasellus nulla. Integer vulputate, risus a', 'cheque', 4302),
(284, 'UA715', '2016-12-17', 'pellentesque a, facilisis non, bibendum', 'cheque', 133),
(285, 'GQ562', '2016-11-30', 'ridiculus mus. Aenean eget magna. Suspendisse tristique', 'paid', 3325),
(286, 'CG359', '2015-04-16', 'sed tortor. Integer aliquam adipiscing lacus. Ut nec', 'cash', 3288),
(287, 'MD698', '2016-05-14', 'ac tellus. Suspendisse', 'cheque', 3486),
(288, 'WY950', '2015-11-29', 'Cras dolor dolor, tempus non, lacinia at, iaculis', 'credit', 2656),
(289, 'UG146', '2016-04-25', 'tincidunt orci quis lectus. Nullam suscipit,', 'cash', 1037),
(290, 'OH306', '2016-07-01', 'gravida nunc', 'cash', 1997),
(291, 'GX287', '2015-12-19', 'feugiat nec, diam. Duis mi enim,', 'cash', 2602),
(292, 'XQ779', '2016-06-15', 'ipsum primis in faucibus orci', 'paid', 491),
(293, 'JX750', '2016-10-01', 'ornare tortor at risus. Nunc ac sem ut dolor', 'cash', 2800),
(294, 'XE663', '2015-02-06', 'Ut tincidunt orci quis lectus.', 'paid', 3422),
(295, 'AK099', '2015-12-07', 'tristique ac, eleifend vitae, erat. Vivamus nisi. Mauris nulla. Integer', 'credit', 2486),
(296, 'CL090', '2016-03-13', 'mollis lectus pede et risus. Quisque libero lacus, varius', 'credit', 776),
(297, 'RK560', '2016-10-04', 'lectus', 'cash', 2045),
(298, 'XN275', '2016-05-05', 'urna, nec luctus felis purus ac tellus. Suspendisse sed', 'cash', 862),
(299, 'VB942', '2015-04-18', 'odio vel est tempor', 'credit', 2140),
(300, 'OJ301', '2016-07-16', 'imperdiet ornare. In faucibus. Morbi vehicula. Pellentesque tincidunt tempus risus.', 'paid', 2676),
(301, 'CY381', '2016-05-07', 'Nullam lobortis quam a felis ullamcorper viverra.', 'paid', 3216),
(302, 'WS659', '2016-01-11', 'nunc id enim.', 'paid', 1802),
(303, 'NW785', '2016-07-08', 'aliquam iaculis, lacus pede sagittis augue, eu tempor', 'cheque', 952),
(304, 'VD816', '2015-02-27', 'congue a, aliquet vel, vulputate eu, odio. Phasellus', 'paid', 3824),
(305, 'LG411', '2015-08-17', 'Quisque ac libero', 'cheque', 1158),
(306, 'LS631', '2015-06-09', 'nunc, ullamcorper eu, euismod ac, fermentum vel, mauris.', 'cash', 762),
(307, 'OK527', '2016-08-22', 'ante', 'paid', 1957),
(308, 'WY950', '2016-07-05', 'nec, eleifend non,', 'credit', 2939),
(309, 'TU386', '2015-11-04', 'aliquam eros turpis non enim. Mauris quis turpis', 'cheque', 2660),
(310, 'NC616', '2015-11-02', 'Vivamus euismod urna. Nullam lobortis quam a felis', 'cash', 334),
(311, 'HX433', '2015-04-21', 'ac mattis semper, dui lectus', 'cash', 4237),
(312, 'UP276', '2016-05-07', 'egestas rhoncus. Proin nisl sem,', 'cash', 3590),
(313, 'NP581', '2015-11-13', 'ornare lectus justo eu arcu.', 'credit', 390),
(314, 'IB164', '2016-08-18', 'Vivamus euismod urna. Nullam lobortis quam a felis', 'paid', 2422),
(315, 'RA042', '2016-11-13', 'imperdiet dictum magna. Ut', 'paid', 1069),
(316, 'WB656', '2015-06-29', 'ipsum', 'credit', 595),
(317, 'MU452', '2015-07-26', 'blandit. Nam nulla magna, malesuada vel, convallis in, cursus', 'credit', 4414),
(318, 'PL064', '2016-03-29', 'nibh vulputate', 'credit', 2778),
(319, 'NO820', '2016-08-11', 'Integer in magna. Phasellus dolor elit, pellentesque', 'cash', 1247),
(320, 'OK527', '2016-07-02', 'a felis ullamcorper viverra. Maecenas', 'credit', 1867),
(321, 'ET999', '2016-01-15', 'faucibus orci luctus et', 'cheque', 1536),
(322, 'AQ338', '2015-11-22', 'a tortor. Nunc', 'cash', 2636),
(323, 'HO005', '2016-04-13', 'Curabitur egestas nunc sed libero.', 'paid', 4292),
(324, 'UG001', '2015-08-09', 'felis. Nulla tempor augue ac ipsum. Phasellus vitae', 'cash', 3963),
(325, 'CK612', '2015-03-25', 'mauris eu elit. Nulla facilisi. Sed neque.', 'credit', 3548),
(326, 'NB349', '2016-03-31', 'dolor elit, pellentesque a, facilisis', 'cash', 2336),
(327, 'YI238', '2016-08-04', 'sagittis felis. Donec tempor, est ac', 'credit', 812),
(328, 'CO247', '2015-12-13', 'quis, pede. Praesent', 'cheque', 1668),
(329, 'HL849', '2015-10-02', 'sem mollis dui, in sodales elit erat vitae risus.', 'cash', 2495),
(330, 'JJ014', '2015-09-09', 'massa rutrum magna.', 'paid', 4449),
(331, 'WM896', '2016-11-11', 'et', 'paid', 3524),
(332, 'TH216', '2016-01-04', 'enim, gravida sit amet, dapibus', 'cash', 3402),
(333, 'DQ181', '2015-07-03', 'in', 'cheque', 3416),
(334, 'PX256', '2015-05-14', 'consequat enim diam vel arcu. Curabitur', 'paid', 1376),
(335, 'LK839', '2016-05-06', 'Quisque nonummy', 'credit', 3336),
(336, 'KB629', '2015-07-28', 'euismod mauris eu elit. Nulla facilisi. Sed', 'cheque', 1082),
(337, 'ZS430', '2016-06-02', 'eros. Nam consequat dolor vitae dolor. Donec fringilla.', 'cash', 2045),
(338, 'TY929', '2015-08-06', 'pede, ultrices a, auctor non, feugiat nec, diam.', 'cash', 894),
(339, 'PM136', '2015-07-01', 'vel pede blandit congue.', 'cash', 3407),
(340, 'MG896', '2016-07-05', 'est. Nunc ullamcorper, velit', 'credit', 872),
(341, 'UJ958', '2015-03-04', 'sit amet ornare lectus justo eu arcu. Morbi', 'credit', 2460),
(342, 'UT275', '2016-01-12', 'Curae Phasellus ornare. Fusce mollis.', 'cheque', 1331),
(343, 'OY039', '2015-07-25', 'amet diam eu dolor egestas rhoncus. Proin nisl sem,', 'cheque', 3881),
(344, 'JU275', '2015-09-08', 'vitae, posuere at, velit. Cras lorem lorem,', 'credit', 2277),
(345, 'UX876', '2016-07-06', 'semper erat, in consectetuer', 'cheque', 2385),
(346, 'QV806', '2016-11-01', 'molestie pharetra nibh. Aliquam ornare, libero at auctor ullamcorper, nisl', 'credit', 319),
(347, 'OK127', '2015-05-24', 'vel, venenatis vel, faucibus id,', 'cash', 2898),
(348, 'CF374', '2016-04-11', 'sed tortor. Integer aliquam adipiscing', 'cash', 2811),
(349, 'WO463', '2015-08-20', 'enim consequat', 'paid', 2411),
(350, 'BH269', '2015-02-10', 'lobortis tellus justo sit amet nulla. Donec non justo.', 'paid', 1582),
(351, 'EJ253', '2015-05-22', 'Vivamus non lorem vitae odio sagittis', 'cash', 2303),
(352, 'KY233', '2015-03-13', 'felis, adipiscing fringilla, porttitor vulputate, posuere', 'cash', 4827),
(353, 'WH082', '2015-12-03', 'Duis gravida. Praesent eu nulla at sem', 'paid', 837),
(354, 'JJ012', '2015-09-11', 'neque sed dictum eleifend, nunc risus varius orci, in', 'cash', 4867),
(355, 'JS658', '2015-01-10', 'a ultricies adipiscing, enim mi tempor lorem, eget mollis lectus', 'cheque', 4188),
(356, 'FY336', '2015-04-24', 'nec luctus felis purus ac tellus. Suspendisse sed', 'cheque', 2598),
(357, 'WY713', '2015-02-03', 'est. Nunc ullamcorper,', 'paid', 3205),
(358, 'XY781', '2015-12-25', 'vel turpis.', 'cheque', 2371),
(359, 'MI341', '2015-03-23', 'ipsum porta elit, a feugiat tellus lorem eu metus. In', 'cheque', 1754),
(360, 'XQ779', '2015-03-10', 'erat. Sed nunc est, mollis non, cursus', 'cheque', 1958),
(361, 'FS087', '2016-08-22', 'arcu ac orci. Ut semper', 'credit', 1571),
(362, 'VR604', '2015-04-02', 'Cras', 'cheque', 2640),
(363, 'JH151', '2015-04-08', 'ultrices. Vivamus', 'credit', 569),
(364, 'CH852', '2016-11-26', 'nulla at', 'paid', 4448),
(365, 'YQ663', '2016-11-08', 'Mauris quis turpis vitae purus gravida sagittis. Duis gravida. Praesent', 'cash', 4678),
(366, 'NV901', '2015-03-05', 'non, dapibus rutrum,', 'cheque', 2716),
(367, 'SQ987', '2015-04-18', 'diam luctus lobortis. Class aptent taciti sociosqu ad', 'paid', 2526),
(368, 'NW785', '2016-06-30', 'dictum cursus. Nunc mauris elit, dictum eu,', 'paid', 3016),
(369, 'LN393', '2016-07-14', 'turpis nec mauris blandit', 'cheque', 217),
(370, 'OX781', '2015-10-15', 'odio tristique pharetra. Quisque ac libero', 'paid', 1513),
(371, 'KY233', '2015-05-22', 'consequat dolor', 'cheque', 4587),
(372, 'SM100', '2016-11-01', 'et malesuada fames ac turpis egestas.', 'cash', 4481),
(373, 'YE521', '2015-05-18', 'eget metus', 'paid', 623),
(374, 'WB656', '2016-08-25', 'Nullam enim. Sed nulla ante, iaculis nec, eleifend non, dapibus', 'credit', 1637),
(375, 'ER483', '2016-08-13', 'fringilla mi lacinia mattis.', 'cheque', 4984),
(376, 'MT418', '2015-09-05', 'egestas a, scelerisque sed, sapien. Nunc pulvinar arcu', 'paid', 360),
(377, 'JL180', '2016-03-28', 'erat, eget tincidunt dui', 'cheque', 4540),
(378, 'JG151', '2016-02-19', 'non quam. Pellentesque habitant morbi tristique', 'paid', 4077),
(379, 'QB124', '2016-11-17', 'ipsum. Donec sollicitudin', 'paid', 4167),
(380, 'NM399', '2015-08-23', 'consequat', 'cheque', 2996),
(381, 'AH467', '2015-07-06', 'eget metus eu erat', 'credit', 607),
(382, 'DZ741', '2016-03-20', 'lacus, varius et, euismod et,', 'credit', 1377),
(383, 'YI238', '2016-09-10', 'dictum sapien. Aenean massa. Integer vitae nibh. Donec est', 'paid', 122),
(384, 'ID338', '2016-05-18', 'massa rutrum magna. Cras convallis convallis dolor. Quisque tincidunt pede', 'credit', 4890),
(385, 'LK839', '2016-04-09', 'Nam tempor diam dictum sapien. Aenean massa. Integer', 'paid', 714),
(386, 'YI238', '2015-06-10', 'tempor arcu.', 'cheque', 478),
(387, 'YT106', '2016-11-04', 'Curabitur egestas nunc sed libero. Proin sed', 'cheque', 730),
(388, 'KG792', '2015-01-10', 'in aliquet lobortis, nisi nibh lacinia orci, consectetuer euismod est', 'cheque', 3733),
(389, 'BA657', '2016-10-22', 'ultrices posuere cubilia Curae Phasellus', 'cash', 2864),
(390, 'MN335', '2015-03-06', 'amet massa. Quisque porttitor eros nec tellus.', 'credit', 4045),
(391, 'PN214', '2016-11-01', 'sed dictum eleifend,', 'paid', 3679),
(392, 'KC333', '2016-02-20', 'Suspendisse non leo. Vivamus nibh', 'cheque', 699),
(393, 'CK896', '2016-04-25', 'malesuada vel, convallis in, cursus et, eros. Proin', 'cheque', 1711),
(394, 'IL049', '2015-01-18', 'enim non nisi. Aenean eget metus.', 'cheque', 1841),
(395, 'ZA482', '2016-04-14', 'Duis risus odio, auctor vitae, aliquet nec, imperdiet nec, leo.', 'cheque', 4313),
(396, 'EJ253', '2015-06-24', 'enim', 'cash', 3801),
(397, 'ER483', '2016-07-27', 'Maecenas malesuada fringilla', 'credit', 1343),
(398, 'UM134', '2016-04-16', 'in consectetuer ipsum nunc id enim.', 'paid', 815),
(399, 'XY803', '2016-09-20', 'nulla. Integer urna. Vivamus molestie dapibus ligula. Aliquam erat', 'cheque', 3914),
(400, 'XP004', '2015-07-28', 'sit amet, risus. Donec nibh enim, gravida sit amet, dapibus', 'paid', 1346),
(401, 'AQ338', '2016-11-06', 'ac,', 'cash', 1923),
(402, 'YI280', '2015-02-17', 'at pede. Cras vulputate velit eu sem. Pellentesque', 'cash', 649),
(403, 'SQ660', '2015-10-11', 'nec, malesuada ut, sem. Nulla interdum.', 'cheque', 3509),
(404, 'EI175', '2015-08-10', 'mi felis, adipiscing fringilla, porttitor vulputate, posuere vulputate,', 'paid', 666),
(405, 'CY381', '2015-09-23', 'enim mi tempor lorem, eget mollis lectus pede et risus.', 'cash', 922),
(406, 'GT500', '2015-06-17', 'vel, faucibus id, libero.', 'cheque', 2032),
(407, 'ZA374', '2015-01-22', 'risus varius orci, in consequat enim diam', 'cash', 2504),
(408, 'XQ282', '2015-08-13', 'augue, eu tempor erat neque non quam. Pellentesque habitant', 'paid', 1701),
(409, 'MN335', '2016-08-03', 'est, mollis non, cursus', 'credit', 4139),
(410, 'AK553', '2016-08-27', 'dolor. Donec', 'cheque', 1119),
(411, 'AH241', '2016-07-20', 'cursus vestibulum. Mauris magna. Duis dignissim', 'cheque', 1382),
(412, 'JG151', '2016-08-20', 'parturient montes, nascetur ridiculus mus. Proin vel nisl.', 'credit', 1398),
(413, 'CI928', '2016-10-05', 'Aenean eget metus. In nec orci.', 'credit', 1198),
(414, 'CH118', '2015-08-25', 'odio vel est tempor bibendum. Donec felis orci, adipiscing', 'credit', 2399),
(415, 'IS826', '2016-11-13', 'nisi. Cum sociis natoque penatibus et magnis dis parturient montes,', 'cash', 514),
(416, 'TW910', '2015-12-12', 'enim, condimentum eget, volutpat ornare, facilisis', 'cheque', 3108),
(417, 'SW585', '2015-05-27', 'vel, mauris. Integer sem', 'paid', 2872),
(418, 'DC454', '2016-08-25', 'scelerisque scelerisque dui. Suspendisse', 'paid', 1165),
(419, 'JA055', '2015-08-16', 'nisl', 'cash', 3860),
(420, 'ZI790', '2015-08-10', 'bibendum sed,', 'credit', 1930),
(421, 'IN941', '2015-12-16', 'Nunc quis arcu vel quam dignissim pharetra.', 'credit', 1342),
(422, 'UH763', '2015-10-11', 'sagittis semper. Nam tempor', 'credit', 350),
(423, 'FL700', '2015-02-25', 'elit,', 'cheque', 2178),
(424, 'PW259', '2015-07-17', 'ut', 'cheque', 4013),
(425, 'CL090', '2016-10-03', 'velit eu sem. Pellentesque ut ipsum ac mi eleifend', 'cash', 310),
(426, 'XE344', '2015-08-01', 'ante ipsum primis in faucibus orci luctus et', 'cheque', 3836),
(427, 'DN305', '2015-06-29', 'et, euismod et, commodo at,', 'paid', 4017),
(428, 'MS971', '2016-02-24', 'diam.', 'paid', 1408),
(429, 'DT081', '2015-05-29', 'dignissim. Maecenas ornare egestas', 'cash', 3434),
(430, 'MS971', '2016-04-05', 'libero nec', 'credit', 2075),
(431, 'RL899', '2016-08-15', 'vitae nibh. Donec est mauris, rhoncus id, mollis nec, cursus', 'credit', 3725),
(432, 'DN305', '2016-07-26', 'Quisque fringilla euismod enim. Etiam', 'credit', 4852),
(433, 'UT051', '2015-08-19', 'pharetra.', 'cash', 897),
(434, 'WO463', '2015-11-21', 'ad litora', 'cheque', 4167),
(435, 'YQ464', '2016-06-08', 'rutrum magna. Cras convallis convallis dolor. Quisque', 'paid', 2183),
(436, 'SC627', '2016-12-20', 'id ante dictum cursus. Nunc mauris elit, dictum eu, eleifend', 'cheque', 724),
(437, 'CK896', '2015-03-15', 'pharetra. Quisque ac libero nec ligula consectetuer rhoncus.', 'credit', 2589),
(438, 'SM100', '2015-02-14', 'mauris. Suspendisse aliquet molestie tellus. Aenean egestas', 'paid', 4197),
(439, 'TW910', '2015-03-28', 'Vestibulum ut eros non enim commodo hendrerit. Donec porttitor', 'cheque', 4079),
(440, 'DD138', '2015-10-12', 'dui, semper et, lacinia vitae, sodales at,', 'cash', 4156),
(441, 'KD781', '2016-09-22', 'lobortis ultrices. Vivamus rhoncus. Donec est. Nunc ullamcorper, velit', 'cheque', 3200),
(442, 'MA437', '2016-01-02', 'non, lacinia at, iaculis quis, pede. Praesent eu dui. Cum', 'cash', 3720),
(443, 'OW138', '2016-07-20', 'id, blandit at, nisi. Cum sociis natoque penatibus et magnis', 'cash', 4827),
(444, 'UV541', '2015-11-15', 'id, libero. Donec consectetuer mauris id sapien. Cras', 'credit', 1738),
(445, 'SQ660', '2016-11-12', 'sagittis semper. Nam', 'cash', 2865),
(446, 'KK632', '2016-07-30', 'luctus lobortis. Class aptent taciti sociosqu ad litora torquent', 'paid', 4378),
(447, 'TX310', '2016-03-07', 'Donec vitae erat vel pede blandit congue. In', 'credit', 328),
(448, 'ZH966', '2015-08-24', 'quis, pede. Suspendisse dui. Fusce diam nunc,', 'cash', 4278),
(449, 'CW230', '2016-09-19', 'tincidunt congue', 'cash', 2199),
(450, 'AK099', '2016-10-22', 'Donec porttitor tellus non', 'credit', 2814),
(451, 'WH044', '2016-09-21', 'Donec porttitor tellus non magna. Nam ligula', 'cheque', 4667),
(452, 'CL351', '2016-05-06', 'et arcu imperdiet', 'paid', 3585),
(453, 'KZ921', '2016-06-10', 'dignissim', 'credit', 3506),
(454, 'UA715', '2016-03-25', 'conubia nostra, per inceptos hymenaeos. Mauris', 'cheque', 2610),
(455, 'BG107', '2015-08-08', 'enim, sit amet ornare lectus justo eu', 'paid', 3757),
(456, 'DL636', '2016-12-12', 'enim non nisi. Aenean eget metus. In nec orci. Donec', 'cash', 2383),
(457, 'BN966', '2015-12-17', 'enim, condimentum eget, volutpat ornare, facilisis eget, ipsum.', 'cash', 1226),
(458, 'ZU576', '2015-06-30', 'nec metus facilisis lorem tristique aliquet. Phasellus fermentum', 'cheque', 937),
(459, 'BE809', '2014-12-31', 'amet,', 'credit', 1353),
(460, 'HO005', '2015-01-15', 'neque et nunc. Quisque ornare tortor at risus.', 'paid', 4526),
(461, 'XP546', '2015-02-01', 'sapien. Cras dolor dolor, tempus non, lacinia at, iaculis quis,', 'credit', 4276),
(462, 'GE688', '2016-07-23', 'Proin velit. Sed malesuada augue ut lacus. Nulla tincidunt, neque', 'credit', 4155),
(463, 'MB711', '2015-04-01', 'ornare', 'paid', 3130),
(464, 'XQ282', '2016-08-27', 'Vivamus molestie dapibus ligula. Aliquam', 'paid', 4461),
(465, 'IN460', '2015-08-11', 'neque', 'paid', 3656),
(466, 'ZD506', '2015-08-11', 'commodo at, libero. Morbi accumsan', 'credit', 2147),
(467, 'CH142', '2015-06-03', 'amet luctus vulputate,', 'cash', 3589),
(468, 'CY381', '2015-02-11', 'iaculis nec, eleifend non, dapibus rutrum, justo. Praesent luctus.', 'cash', 3822),
(469, 'CL351', '2015-05-19', 'neque', 'credit', 4831),
(470, 'LK839', '2015-11-14', 'purus.', 'cash', 3909),
(471, 'WK171', '2016-08-19', 'ut cursus luctus, ipsum leo', 'paid', 2665),
(472, 'XS538', '2016-09-21', 'in lobortis tellus justo sit amet', 'cheque', 781),
(473, 'MJ709', '2016-03-20', 'tellus', 'credit', 1773),
(474, 'KY233', '2015-10-16', 'et ipsum', 'cheque', 3208),
(475, 'PL064', '2016-04-14', 'Morbi vehicula. Pellentesque tincidunt tempus risus. Donec egestas. Duis', 'credit', 4023),
(476, 'MY133', '2016-07-16', 'odio. Aliquam vulputate ullamcorper magna. Sed eu eros. Nam consequat', 'cash', 748),
(477, 'UR176', '2016-07-14', 'tortor at risus. Nunc ac sem ut', 'cash', 440),
(478, 'TU386', '2015-11-18', 'velit. Quisque varius.', 'cash', 4892),
(479, 'BE701', '2016-07-29', 'in, hendrerit consectetuer, cursus et, magna. Praesent interdum ligula eu', 'cash', 2800),
(480, 'WV117', '2016-02-15', 'tellus non magna.', 'paid', 4596),
(481, 'ZV943', '2016-05-04', 'nec', 'paid', 1044),
(482, 'VD816', '2015-06-29', 'quis', 'paid', 2312),
(483, 'JM962', '2016-02-03', 'sed leo. Cras vehicula aliquet', 'paid', 2516),
(484, 'QY401', '2015-08-25', 'diam dictum sapien. Aenean massa. Integer vitae nibh.', 'cheque', 1955),
(485, 'VU681', '2016-08-12', 'mattis velit justo nec', 'cheque', 2254),
(486, 'JH151', '2015-06-03', 'lorem, auctor quis,', 'paid', 1994),
(487, 'QH766', '2016-10-22', 'eu tempor erat neque non quam. Pellentesque', 'paid', 4487),
(488, 'QA372', '2015-09-07', 'porttitor vulputate, posuere vulputate, lacus. Cras', 'cash', 1773),
(489, 'SR994', '2016-07-31', 'luctus vulputate, nisi sem semper erat, in consectetuer', 'credit', 4348),
(490, 'UV581', '2015-09-25', 'arcu ac', 'paid', 4105),
(491, 'XC428', '2015-06-13', 'in consectetuer ipsum nunc id enim. Curabitur massa. Vestibulum', 'credit', 3119),
(492, 'GE021', '2015-10-20', 'egestas ligula. Nullam feugiat placerat velit. Quisque varius. Nam porttitor', 'cheque', 2029),
(493, 'WR947', '2015-11-06', 'nonummy ac, feugiat non, lobortis', 'credit', 148),
(494, 'UH763', '2015-11-17', 'molestie arcu. Sed eu nibh vulputate mauris sagittis placerat.', 'cash', 2487),
(495, 'XE663', '2016-12-24', 'quam a felis ullamcorper viverra. Maecenas iaculis aliquet', 'cash', 185),
(496, 'JW602', '2016-02-12', 'dui.', 'cheque', 3771),
(497, 'WD426', '2016-08-04', 'eu, placerat eget,', 'cash', 707),
(498, 'LS288', '2015-03-14', 'eu arcu. Morbi sit amet massa. Quisque', 'cash', 2821),
(499, 'LL372', '2016-07-17', 'Nulla', 'paid', 2929),
(500, 'DU229', '2016-07-13', 'sed, hendrerit a, arcu. Sed et libero.', 'cash', 844),
(501, 'MR064', '2015-07-22', 'vitae odio sagittis semper. Nam tempor diam dictum sapien.', 'cheque', 755),
(502, 'XS538', '2015-11-07', 'eu, accumsan sed, facilisis vitae, orci. Phasellus dapibus quam', 'cash', 1706),
(503, 'CT237', '2016-11-19', 'vitae nibh. Donec', 'paid', 3988),
(504, 'QQ221', '2015-05-15', 'ut ipsum ac', 'paid', 3330),
(505, 'ZS032', '2016-10-25', 'mi fringilla mi lacinia mattis. Integer eu lacus. Quisque', 'cash', 2918),
(506, 'DL636', '2016-02-13', 'Nunc ullamcorper, velit', 'paid', 3496),
(507, 'SE192', '2016-12-24', 'ut,', 'credit', 2369),
(508, 'XL900', '2016-01-13', 'risus. In mi pede, nonummy ut, molestie', 'credit', 2863),
(509, 'GE258', '2015-01-16', 'lorem ipsum sodales purus, in molestie tortor nibh sit', 'paid', 307),
(510, 'BG611', '2015-06-08', 'cubilia Curae Phasellus ornare. Fusce', 'cash', 1127),
(511, 'IR259', '2016-01-26', 'eu eros. Nam consequat dolor vitae dolor. Donec fringilla.', 'paid', 525),
(512, 'BB001', '2016-04-05', 'vestibulum nec, euismod in, dolor. Fusce feugiat. Lorem ipsum dolor', 'cash', 4718),
(513, 'HO005', '2016-10-10', 'erat nonummy ultricies ornare, elit', 'cash', 783),
(514, 'HG880', '2015-02-16', 'lorem tristique aliquet. Phasellus fermentum convallis', 'cash', 726),
(515, 'HW687', '2016-12-19', 'erat neque non quam. Pellentesque habitant morbi tristique senectus et', 'cash', 4747),
(516, 'DA590', '2015-11-30', 'lectus sit amet luctus vulputate,', 'cash', 3422),
(517, 'OV986', '2015-02-26', 'magnis dis parturient montes, nascetur ridiculus mus. Aenean eget magna.', 'paid', 1049),
(518, 'MN188', '2016-03-19', 'risus odio,', 'cash', 4647),
(519, 'TF736', '2015-06-02', 'Nunc commodo auctor velit. Aliquam nisl. Nulla eu neque pellentesque', 'cash', 580),
(520, 'JM961', '2016-02-19', 'eu erat semper rutrum. Fusce dolor quam,', 'cheque', 4665),
(521, 'ZR942', '2015-11-25', 'in lobortis tellus justo sit', 'paid', 3435),
(522, 'DX008', '2015-02-02', 'urna, nec luctus felis purus ac tellus. Suspendisse sed', 'credit', 1789),
(523, 'WB656', '2015-07-01', 'magna tellus faucibus leo, in lobortis tellus justo', 'cash', 310),
(524, 'XJ068', '2016-06-17', 'vel arcu eu', 'paid', 1201),
(525, 'CM664', '2016-09-03', 'at, velit. Cras lorem lorem,', 'paid', 2716),
(526, 'UE433', '2015-04-02', 'tellus, imperdiet non, vestibulum nec, euismod in,', 'paid', 4412),
(527, 'MB416', '2015-04-14', 'elit, pretium et, rutrum non,', 'cheque', 2151),
(528, 'PW643', '2015-08-08', 'risus. In', 'cheque', 877),
(529, 'CW230', '2016-01-18', 'Proin vel nisl. Quisque fringilla', 'cheque', 1878),
(530, 'NX150', '2015-03-31', 'enim, condimentum eget, volutpat ornare, facilisis eget, ipsum. Donec sollicitudin', 'credit', 1775),
(531, 'WF243', '2016-11-29', 'risus varius orci, in consequat', 'cash', 4509),
(532, 'SY719', '2015-07-18', 'Fusce dolor quam, elementum at,', 'cheque', 4347),
(533, 'PJ168', '2015-05-31', 'quis arcu vel quam dignissim pharetra. Nam', 'paid', 3585),
(534, 'RV692', '2015-03-26', 'arcu et pede. Nunc', 'paid', 577),
(535, 'UR176', '2016-09-21', 'Duis gravida. Praesent eu', 'credit', 1672),
(536, 'AW285', '2015-01-29', 'Mauris magna. Duis dignissim tempor arcu. Vestibulum ut eros non', 'paid', 2660),
(537, 'MS504', '2015-09-02', 'Integer aliquam adipiscing lacus. Ut nec urna et', 'credit', 2456),
(538, 'RV692', '2016-05-11', 'ligula.', 'cheque', 3925),
(539, 'AV831', '2015-07-03', 'ullamcorper eu,', 'paid', 2075),
(540, 'SN367', '2015-04-14', 'iaculis odio. Nam interdum enim non nisi. Aenean eget metus.', 'cash', 489),
(541, 'NI717', '2016-10-13', 'semper', 'paid', 1099),
(542, 'UN676', '2016-10-04', 'leo elementum sem, vitae aliquam eros turpis', 'cheque', 3640),
(543, 'SO346', '2015-02-17', 'magna tellus faucibus leo,', 'credit', 2986),
(544, 'NB048', '2016-02-17', 'urna, nec', 'paid', 1325),
(545, 'AV831', '2015-12-08', 'consectetuer', 'cheque', 3082),
(546, 'TU386', '2016-11-23', 'tortor at risus. Nunc ac sem ut dolor dapibus', 'cash', 4157),
(547, 'KZ921', '2016-03-25', 'porttitor scelerisque neque. Nullam nisl. Maecenas malesuada', 'credit', 348),
(548, 'WT003', '2015-08-10', 'ridiculus mus. Proin vel arcu eu odio tristique', 'cash', 1512),
(549, 'IH607', '2016-07-15', 'Phasellus nulla. Integer vulputate, risus a ultricies', 'credit', 4927),
(550, 'KH979', '2015-03-14', 'ligula elit, pretium et, rutrum', 'cheque', 2191),
(551, 'XF081', '2016-11-14', 'nec urna suscipit nonummy. Fusce fermentum fermentum arcu. Vestibulum ante', 'cash', 4600),
(552, 'DD138', '2016-12-26', 'sed libero. Proin sed', 'cheque', 698),
(553, 'LB834', '2015-12-19', 'a mi fringilla mi lacinia mattis. Integer eu lacus.', 'cheque', 2681),
(554, 'YN953', '2016-10-08', 'vulputate, lacus. Cras interdum.', 'credit', 496),
(555, 'YO193', '2016-03-15', 'non nisi. Aenean eget metus. In nec', 'credit', 4819),
(556, 'VU419', '2015-01-05', 'In lorem.', 'cash', 2336),
(557, 'JM824', '2016-01-19', 'nibh dolor, nonummy', 'cash', 2216),
(558, 'OB918', '2015-11-27', 'vulputate eu, odio. Phasellus at augue id ante dictum', 'credit', 1402),
(559, 'ZD506', '2016-03-05', 'tellus non magna.', 'cash', 507),
(560, 'TN617', '2015-02-01', 'id, libero. Donec consectetuer mauris', 'cash', 3098),
(561, 'TX310', '2015-08-17', 'Nulla eu neque pellentesque massa lobortis ultrices. Vivamus', 'paid', 1887),
(562, 'IL049', '2015-12-14', 'egestas a, dui.', 'credit', 3281),
(563, 'SB197', '2015-11-25', 'a, arcu.', 'cheque', 3158),
(564, 'WR947', '2015-08-18', 'enim, condimentum eget, volutpat', 'credit', 4560),
(565, 'OW138', '2015-10-01', 'adipiscing', 'cheque', 2176),
(566, 'TT830', '2016-09-18', 'Proin vel arcu eu odio tristique pharetra. Quisque ac libero', 'credit', 1886),
(567, 'VU665', '2016-09-25', 'augue ac ipsum. Phasellus vitae mauris', 'credit', 1889),
(568, 'JX505', '2016-01-27', 'eu,', 'credit', 4741),
(569, 'SO346', '2015-01-12', 'euismod in, dolor. Fusce', 'cash', 4169),
(570, 'WT003', '2015-12-08', 'dolor.', 'credit', 3340),
(571, 'AU738', '2015-01-22', 'lorem semper auctor. Mauris vel turpis. Aliquam', 'paid', 1260),
(572, 'UA715', '2016-10-18', 'orci lacus', 'credit', 578),
(573, 'SB197', '2015-11-23', 'ac', 'credit', 3300),
(574, 'SU333', '2016-12-02', 'ut', 'paid', 2540),
(575, 'XP158', '2016-03-16', 'pulvinar arcu et pede. Nunc sed', 'paid', 2233),
(576, 'DS282', '2016-06-17', 'dui. Suspendisse ac metus vitae', 'cheque', 2194),
(577, 'TY621', '2015-07-01', 'elit erat vitae risus. Duis a', 'paid', 3095),
(578, 'WU738', '2015-01-07', 'neque', 'cheque', 966),
(579, 'GL303', '2016-07-30', 'aliquam, enim nec tempus scelerisque, lorem ipsum', 'paid', 2837),
(580, 'VM986', '2015-02-02', 'ante, iaculis', 'cash', 456),
(581, 'QY401', '2015-12-23', 'faucibus lectus, a sollicitudin orci sem', 'paid', 793),
(582, 'QK317', '2016-12-12', 'dapibus ligula. Aliquam erat volutpat. Nulla', 'cash', 284),
(583, 'WE966', '2015-10-28', 'eros. Proin', 'cheque', 1321),
(584, 'NW833', '2016-01-12', 'mi enim, condimentum eget, volutpat ornare,', 'paid', 318),
(585, 'JZ650', '2016-09-16', 'velit dui, semper et, lacinia vitae, sodales', 'credit', 2154),
(586, 'QQ969', '2015-02-07', 'Quisque varius. Nam porttitor scelerisque neque. Nullam nisl. Maecenas', 'cash', 709),
(587, 'EF110', '2015-03-02', 'vitae aliquam eros turpis non enim. Mauris', 'paid', 439),
(588, 'MJ709', '2016-05-19', 'turpis egestas. Aliquam fringilla', 'paid', 4969),
(589, 'SG986', '2016-08-07', 'Morbi neque', 'cheque', 114),
(590, 'DA053', '2016-08-06', 'ut, sem. Nulla interdum. Curabitur dictum.', 'cheque', 3319),
(591, 'ZH966', '2016-12-20', 'nulla magna, malesuada vel, convallis', 'cash', 4692),
(592, 'GX287', '2015-05-10', 'In at pede. Cras vulputate velit eu sem. Pellentesque', 'cash', 3697),
(593, 'FB363', '2016-12-23', 'orci', 'cheque', 3576),
(594, 'QB124', '2016-08-15', 'cursus luctus, ipsum leo elementum sem,', 'credit', 4197),
(595, 'BJ019', '2016-01-04', 'id risus quis diam luctus', 'cheque', 1587),
(596, 'TV962', '2015-06-04', 'ultrices,', 'paid', 1987),
(597, 'IK417', '2015-10-01', 'vitae risus. Duis a mi fringilla mi', 'credit', 4609),
(598, 'RG602', '2016-04-19', 'hendrerit. Donec', 'credit', 3983),
(599, 'PR736', '2016-05-03', 'sit amet lorem', 'cheque', 864),
(600, 'DU277', '2016-07-31', 'non ante', 'cheque', 850),
(601, 'UI073', '2016-09-13', 'Vestibulum', 'paid', 3314),
(602, 'SO346', '2015-04-24', 'ante blandit viverra.', 'cash', 3184),
(603, 'OC557', '2015-12-03', 'tristique ac,', 'cash', 1602),
(604, 'DC454', '2016-03-18', 'Sed malesuada augue ut lacus. Nulla', 'credit', 1861),
(605, 'TF736', '2016-09-15', 'convallis erat, eget tincidunt dui augue eu tellus.', 'paid', 4980);
INSERT INTO `invoice` (`invoiceID`, `dCode`, `invoiceDate`, `invoiceNote`, `invoicePayMode`, `invoiceTotal`) VALUES
(606, 'WM640', '2015-03-22', 'placerat, orci lacus vestibulum lorem, sit amet ultricies sem magna', 'cash', 2857),
(607, 'MC551', '2016-03-23', 'metus. Aenean sed pede', 'cheque', 1598),
(608, 'KQ195', '2015-12-23', 'adipiscing lacus.', 'cash', 1970),
(609, 'QM252', '2015-04-10', 'egestas', 'cheque', 4181),
(610, 'JO518', '2016-12-15', 'ante', 'cheque', 680),
(611, 'VU681', '2016-09-11', 'ante blandit viverra. Donec', 'cheque', 4773),
(612, 'NB349', '2016-03-27', 'quam. Pellentesque habitant morbi tristique senectus et netus et malesuada', 'paid', 3386),
(613, 'VD521', '2016-02-24', 'a, auctor non, feugiat nec, diam. Duis mi enim, condimentum', 'cash', 322),
(614, 'BB075', '2016-07-01', 'inceptos', 'paid', 625),
(615, 'YQ464', '2015-02-02', 'lacus, varius et, euismod', 'cash', 2643),
(616, 'ZU576', '2015-03-24', 'In condimentum. Donec at arcu. Vestibulum ante', 'credit', 894),
(617, 'KK575', '2016-05-19', 'ac mattis velit justo nec ante. Maecenas', 'paid', 2947),
(618, 'CK140', '2016-11-22', 'tellus lorem eu', 'paid', 2785),
(619, 'RQ511', '2016-03-25', 'sit amet, dapibus id, blandit at, nisi. Cum', 'cheque', 4574),
(620, 'JM989', '2016-11-08', 'ac mattis semper, dui', 'cash', 1006),
(621, 'IH181', '2015-04-18', 'molestie tortor nibh sit amet orci.', 'cheque', 1899),
(622, 'GW150', '2016-06-23', 'volutpat ornare, facilisis eget, ipsum. Donec sollicitudin adipiscing', 'cheque', 4617),
(623, 'SU333', '2016-01-16', 'in molestie tortor nibh sit amet orci. Ut sagittis lobortis', 'cheque', 1375),
(624, 'NR686', '2016-06-12', 'Donec est. Nunc ullamcorper, velit', 'paid', 3015),
(625, 'LR848', '2015-06-02', 'vehicula risus. Nulla eget metus eu erat semper rutrum. Fusce', 'credit', 1134),
(626, 'OV791', '2016-09-22', 'luctus vulputate, nisi sem semper erat, in consectetuer', 'paid', 3074),
(627, 'YM135', '2015-09-01', 'metus. Aenean sed pede nec ante', 'paid', 1942),
(628, 'HG880', '2015-05-27', 'bibendum ullamcorper. Duis cursus, diam at', 'cheque', 4624),
(629, 'CK043', '2016-06-03', 'purus, accumsan interdum', 'paid', 3716),
(630, 'NO820', '2016-12-13', 'ullamcorper', 'paid', 3871),
(631, 'RG602', '2016-12-09', 'cubilia Curae Donec', 'credit', 2500),
(632, 'PF703', '2016-04-09', 'dignissim tempor arcu. Vestibulum ut eros non enim commodo hendrerit.', 'paid', 4165),
(633, 'RT923', '2015-10-05', 'magna a neque. Nullam ut nisi a odio', 'cash', 3205),
(634, 'GR452', '2015-05-19', 'enim, gravida sit amet, dapibus id, blandit at, nisi. Cum', 'cheque', 4925),
(635, 'MS971', '2016-07-28', 'commodo hendrerit. Donec porttitor tellus non magna. Nam ligula elit,', 'credit', 3665),
(636, 'YV064', '2016-03-13', 'nibh enim, gravida sit amet,', 'paid', 4042),
(637, 'UO557', '2015-05-13', 'quis, tristique ac, eleifend', 'paid', 2202),
(638, 'HT348', '2016-01-23', 'Donec fringilla. Donec feugiat metus sit amet ante.', 'cash', 2402),
(639, 'TH216', '2016-10-17', 'facilisi. Sed neque. Sed eget lacus. Mauris non', 'cash', 4626),
(640, 'PS211', '2015-03-24', 'Donec vitae erat vel pede blandit', 'credit', 3840),
(641, 'IT816', '2016-06-25', 'porttitor vulputate, posuere vulputate, lacus. Cras interdum. Nunc sollicitudin', 'cash', 3925),
(642, 'UL419', '2016-09-06', 'Fusce diam nunc, ullamcorper eu, euismod ac,', 'cheque', 3261),
(643, 'EZ646', '2015-04-10', 'scelerisque dui. Suspendisse ac', 'credit', 4997),
(644, 'KW467', '2015-03-21', 'fermentum convallis ligula. Donec luctus aliquet odio. Etiam ligula tortor,', 'paid', 4960),
(645, 'NR686', '2015-09-26', 'consequat', 'cheque', 4535),
(646, 'KP777', '2015-08-06', 'varius orci, in consequat enim', 'paid', 433),
(647, 'EZ646', '2016-09-19', 'et netus et malesuada fames ac turpis egestas. Fusce aliquet', 'credit', 3002),
(648, 'NO708', '2015-09-25', 'aliquet vel, vulputate eu, odio. Phasellus at augue id ante', 'cash', 1504),
(649, 'DU229', '2016-11-17', 'nascetur ridiculus mus.', 'paid', 4844),
(650, 'DC454', '2016-04-16', 'Curabitur sed tortor. Integer aliquam adipiscing lacus. Ut nec', 'cash', 2030),
(651, 'WZ232', '2016-06-19', 'non leo. Vivamus nibh dolor, nonummy ac, feugiat non, lobortis', 'cheque', 1612),
(652, 'RF432', '2015-04-21', 'in consequat enim diam vel arcu.', 'cheque', 4497),
(653, 'QQ221', '2015-07-16', 'luctus et ultrices posuere cubilia Curae Phasellus', 'credit', 2165),
(654, 'XS538', '2015-08-01', 'Phasellus elit pede, malesuada vel, venenatis vel, faucibus id, libero.', 'cheque', 216),
(655, 'WF243', '2016-05-27', 'a nunc.', 'credit', 4276),
(656, 'GL303', '2015-04-08', 'metus. Aliquam erat volutpat. Nulla facilisis.', 'cheque', 3799),
(657, 'HH075', '2015-10-19', 'consectetuer euismod est arcu ac orci.', 'credit', 2202),
(658, 'ED182', '2015-08-03', 'mauris sit amet lorem semper auctor. Mauris vel turpis.', 'cash', 2686),
(659, 'AB819', '2016-05-29', 'ipsum primis in faucibus orci luctus', 'credit', 1401),
(660, 'TC312', '2015-04-16', 'Mauris vestibulum, neque sed dictum', 'cash', 3053),
(661, 'KM659', '2015-05-06', 'vestibulum nec, euismod in, dolor. Fusce feugiat. Lorem ipsum dolor', 'cheque', 1848),
(662, 'MT418', '2016-03-24', 'tincidunt tempus risus. Donec egestas. Duis ac arcu. Nunc mauris.', 'credit', 2240),
(663, 'CI928', '2016-02-19', 'et netus et malesuada fames ac turpis egestas. Aliquam', 'cash', 1732),
(664, 'AG776', '2015-01-11', 'hendrerit consectetuer, cursus', 'credit', 2312),
(665, 'MK016', '2015-12-24', 'ipsum. Donec sollicitudin adipiscing ligula. Aenean gravida nunc sed pede.', 'paid', 828),
(666, 'XV162', '2015-09-23', 'imperdiet non, vestibulum nec, euismod', 'cheque', 3981),
(667, 'XS538', '2016-04-05', 'risus. Nulla eget metus eu erat semper rutrum. Fusce', 'cash', 344),
(668, 'KA794', '2015-07-09', 'in, hendrerit consectetuer, cursus', 'paid', 1385),
(669, 'JJ014', '2015-06-22', 'accumsan sed,', 'paid', 4483),
(670, 'IN460', '2015-10-07', 'nec ligula consectetuer', 'cheque', 2049),
(671, 'PN214', '2015-02-25', 'ultrices sit amet, risus. Donec nibh', 'paid', 1016),
(672, 'TY929', '2016-04-07', 'arcu imperdiet ullamcorper. Duis at', 'credit', 1976),
(673, 'TR408', '2015-12-03', 'posuere vulputate, lacus. Cras interdum. Nunc sollicitudin commodo', 'cheque', 2620),
(674, 'XU411', '2016-11-19', 'tempus risus. Donec egestas. Duis ac arcu. Nunc mauris. Morbi', 'cash', 4574),
(675, 'GE258', '2016-09-29', 'egestas. Aliquam nec enim. Nunc', 'cheque', 725),
(676, 'RO009', '2016-01-14', 'pellentesque.', 'paid', 4546),
(677, 'OK527', '2016-09-28', 'parturient montes, nascetur ridiculus mus.', 'credit', 1493),
(678, 'DU229', '2015-09-29', 'dui. Cras pellentesque. Sed', 'credit', 3339),
(679, 'DZ985', '2015-05-25', 'Aenean sed pede nec ante blandit viverra. Donec tempus, lorem', 'cash', 4191),
(680, 'EM208', '2015-05-06', 'et pede. Nunc sed orci lobortis augue scelerisque mollis.', 'cheque', 290),
(681, 'EP113', '2015-05-26', 'at pretium aliquet, metus urna convallis erat, eget tincidunt', 'cheque', 1925),
(682, 'LB610', '2016-01-14', 'arcu.', 'credit', 2753),
(683, 'NB048', '2015-12-21', 'massa. Integer vitae nibh. Donec est', 'credit', 3326),
(684, 'EH921', '2015-09-29', 'diam eu', 'cash', 566),
(685, 'SU390', '2016-11-07', 'amet massa. Quisque porttitor eros nec tellus.', 'paid', 4148),
(686, 'WK358', '2015-06-29', 'dolor vitae dolor. Donec fringilla. Donec feugiat', 'credit', 1627),
(687, 'IO030', '2015-02-05', 'Pellentesque habitant morbi tristique', 'paid', 2250),
(688, 'AW285', '2015-12-31', 'cursus, diam', 'credit', 551),
(689, 'IB164', '2015-12-08', 'lacus. Quisque purus sapien, gravida', 'cash', 2452),
(690, 'YE896', '2015-07-08', 'ligula', 'paid', 4846),
(691, 'GS930', '2016-06-14', 'non leo. Vivamus nibh dolor, nonummy ac, feugiat non, lobortis', 'paid', 4182),
(692, 'BB342', '2016-06-25', 'lectus', 'cash', 3468),
(693, 'NI717', '2016-03-20', 'erat neque', 'cash', 4317),
(694, 'EM003', '2015-02-12', 'congue. In scelerisque scelerisque dui.', 'cheque', 4498),
(695, 'ED182', '2015-09-14', 'tortor nibh sit amet orci. Ut sagittis lobortis mauris.', 'cash', 1671),
(696, 'PX256', '2016-02-08', 'sem semper erat, in consectetuer ipsum nunc id enim. Curabitur', 'paid', 336),
(697, 'RN314', '2015-06-30', 'ullamcorper', 'cash', 4187),
(698, 'KE522', '2016-11-17', 'ipsum cursus vestibulum. Mauris magna. Duis', 'cheque', 2333),
(699, 'JM989', '2016-04-22', 'neque venenatis lacus. Etiam bibendum fermentum metus.', 'credit', 995),
(700, 'CA399', '2015-09-05', 'vestibulum massa rutrum magna. Cras convallis', 'cheque', 4058),
(701, 'RV849', '2015-03-22', 'Nam nulla magna,', 'paid', 4275),
(702, 'VP686', '2016-05-13', 'est,', 'cheque', 282),
(703, 'WI037', '2015-06-01', 'pede. Cras vulputate velit eu', 'cash', 2736),
(704, 'LW316', '2016-04-29', 'tellus, imperdiet non, vestibulum nec, euismod in, dolor.', 'paid', 3119),
(705, 'XY803', '2015-01-04', 'erat, in consectetuer', 'cash', 1148),
(706, 'WD366', '2015-01-26', 'lacus. Nulla tincidunt, neque vitae', 'credit', 3443),
(707, 'UL419', '2015-08-18', 'enim, gravida sit amet, dapibus id, blandit', 'cash', 1417),
(708, 'DU229', '2015-09-17', 'Integer vitae nibh. Donec est mauris, rhoncus id, mollis', 'credit', 142),
(709, 'RR304', '2016-10-11', 'malesuada malesuada. Integer id magna et ipsum cursus vestibulum. Mauris', 'cheque', 1180),
(710, 'CY381', '2015-05-18', 'ut, sem. Nulla interdum.', 'credit', 4856),
(711, 'UQ483', '2016-07-03', 'fringilla mi lacinia', 'cheque', 2112),
(712, 'LB834', '2016-02-17', 'lorem ipsum sodales purus, in molestie tortor nibh sit amet', 'paid', 149),
(713, 'HW687', '2015-11-19', 'sapien. Nunc pulvinar arcu et pede. Nunc', 'credit', 3554),
(714, 'HX433', '2015-11-25', 'ante dictum cursus. Nunc mauris elit, dictum eu, eleifend nec,', 'cheque', 1207),
(715, 'WH044', '2015-04-19', 'mi fringilla', 'credit', 488),
(716, 'CQ950', '2015-12-29', 'et, lacinia vitae, sodales at, velit.', 'credit', 102),
(717, 'MN188', '2016-08-05', 'id ante dictum cursus. Nunc mauris elit, dictum', 'cheque', 1484),
(718, 'UR382', '2015-01-02', 'eget laoreet posuere, enim nisl', 'cash', 4050),
(719, 'VU665', '2015-10-18', 'pharetra, felis eget varius ultrices, mauris ipsum porta', 'credit', 3802),
(720, 'IS527', '2015-07-27', 'mauris elit, dictum eu, eleifend nec,', 'cash', 4870),
(721, 'AF177', '2016-10-12', 'quam', 'credit', 3898),
(722, 'QB246', '2016-10-28', 'Nunc lectus', 'paid', 1679),
(723, 'DU277', '2015-06-13', 'rutrum, justo. Praesent luctus. Curabitur egestas nunc sed libero. Proin', 'credit', 2473),
(724, 'HD280', '2015-04-08', 'vitae semper egestas, urna justo faucibus lectus, a', 'cheque', 3865),
(725, 'KE522', '2016-07-12', 'est. Nunc ullamcorper, velit in aliquet lobortis, nisi nibh', 'credit', 4226),
(726, 'PL267', '2015-01-15', 'sit', 'cash', 930),
(727, 'BS773', '2015-09-19', 'lobortis augue scelerisque mollis. Phasellus libero mauris,', 'paid', 459),
(728, 'AB819', '2015-03-25', 'faucibus lectus, a sollicitudin orci sem eget massa. Suspendisse eleifend.', 'paid', 326),
(729, 'YM575', '2016-04-05', 'vehicula risus. Nulla eget metus eu erat semper', 'paid', 470),
(730, 'IS419', '2016-04-22', 'in aliquet lobortis, nisi nibh lacinia orci, consectetuer', 'cheque', 612),
(731, 'UA715', '2015-03-28', 'eu tellus. Phasellus elit pede,', 'paid', 3027),
(732, 'NC616', '2015-02-23', 'dis parturient montes, nascetur ridiculus mus. Aenean eget magna. Suspendisse', 'credit', 2187),
(733, 'CH142', '2016-05-27', 'quam. Curabitur vel lectus. Cum', 'paid', 3820),
(734, 'MR064', '2016-12-07', 'erat vitae risus. Duis a mi', 'paid', 2261),
(735, 'TS057', '2015-10-02', 'bibendum sed, est. Nunc laoreet lectus quis massa. Mauris', 'paid', 1910),
(736, 'SQ660', '2015-12-29', 'Quisque porttitor eros nec tellus. Nunc lectus pede,', 'cash', 2323),
(737, 'DS282', '2015-11-08', 'venenatis a, magna. Lorem ipsum dolor sit', 'cash', 4108),
(738, 'HW377', '2016-04-01', 'Fusce fermentum', 'cash', 1283),
(739, 'DX745', '2015-08-01', 'molestie tellus. Aenean egestas hendrerit neque. In', 'cash', 461),
(740, 'RG602', '2015-10-27', 'tempor, est ac mattis semper, dui lectus rutrum', 'paid', 2948),
(741, 'RL899', '2016-10-07', 'ridiculus mus. Proin vel arcu eu odio tristique pharetra.', 'cash', 1686),
(742, 'JR329', '2015-11-11', 'pede, ultrices a, auctor non, feugiat nec, diam. Duis mi', 'cheque', 235),
(743, 'OJ301', '2015-08-26', 'mi tempor lorem, eget', 'cash', 3826),
(744, 'VC864', '2016-06-04', 'Aenean eget magna. Suspendisse tristique neque venenatis lacus. Etiam', 'cash', 257),
(745, 'CK896', '2016-11-24', 'Aliquam erat volutpat. Nulla facilisis. Suspendisse commodo tincidunt nibh.', 'credit', 673),
(746, 'SP831', '2016-01-06', 'Nunc ac', 'paid', 2356),
(747, 'YG694', '2015-07-22', 'dapibus ligula. Aliquam erat volutpat. Nulla', 'paid', 3602),
(748, 'OO850', '2016-01-30', 'In ornare sagittis felis. Donec tempor, est ac', 'cash', 4546),
(749, 'DU229', '2016-08-20', 'diam eu dolor egestas rhoncus. Proin nisl', 'cheque', 3094),
(750, 'KO838', '2015-06-11', 'egestas. Aliquam fringilla cursus purus. Nullam scelerisque neque sed', 'credit', 1695),
(751, 'SM100', '2016-10-25', 'magna sed dui. Fusce', 'credit', 4326),
(752, 'CH142', '2016-10-21', 'pulvinar arcu et', 'cash', 204),
(753, 'MP172', '2016-08-05', 'Sed pharetra, felis eget', 'credit', 1334),
(754, 'OG283', '2015-03-29', 'diam at pretium aliquet,', 'cash', 1864),
(755, 'KC155', '2015-03-26', 'at, velit. Pellentesque ultricies dignissim lacus. Aliquam', 'cash', 4600),
(756, 'DN259', '2016-09-30', 'volutpat', 'cash', 1168),
(757, 'AK099', '2016-10-07', 'adipiscing. Mauris molestie pharetra nibh.', 'cheque', 1480),
(758, 'OY320', '2016-03-09', 'In condimentum. Donec', 'cheque', 3827),
(759, 'EC284', '2015-08-05', 'tellus. Suspendisse sed dolor. Fusce mi lorem, vehicula', 'cheque', 1377),
(760, 'IS826', '2016-08-30', 'enim. Sed nulla ante, iaculis nec,', 'cheque', 3615),
(761, 'KY331', '2015-03-05', 'Cras dolor dolor, tempus non, lacinia', 'cheque', 4341),
(762, 'MS042', '2015-12-04', 'Fusce diam nunc,', 'cash', 3935),
(763, 'BW860', '2015-10-27', 'quam. Curabitur', 'cheque', 2510),
(764, 'OV986', '2015-02-02', 'elementum, lorem ut aliquam iaculis, lacus pede sagittis', 'credit', 621),
(765, 'UM134', '2015-11-28', 'sed orci lobortis augue scelerisque mollis. Phasellus', 'cash', 788),
(766, 'WH044', '2015-01-04', 'dolor sit amet, consectetuer', 'cheque', 929),
(767, 'YG694', '2015-02-23', 'amet massa. Quisque porttitor eros nec tellus. Nunc lectus', 'cash', 4890),
(768, 'MB416', '2015-12-24', 'ligula. Aliquam erat volutpat. Nulla', 'cheque', 3557),
(769, 'QP057', '2015-05-20', 'nulla. Donec non justo. Proin non massa non ante bibendum', 'cheque', 829),
(770, 'WG216', '2015-12-30', 'mi lorem, vehicula et, rutrum eu, ultrices sit', 'credit', 2341),
(771, 'VP645', '2016-03-06', 'id sapien. Cras dolor dolor, tempus non, lacinia at, iaculis', 'cheque', 3227),
(772, 'WK115', '2015-04-26', 'malesuada ut, sem. Nulla interdum.', 'credit', 1079),
(773, 'UA715', '2016-04-06', 'dapibus quam quis diam.', 'credit', 1157),
(774, 'TS057', '2016-12-19', 'odio. Aliquam vulputate ullamcorper magna. Sed eu eros. Nam consequat', 'cash', 430),
(775, 'ZH966', '2015-10-21', 'Aenean euismod mauris eu elit. Nulla facilisi.', 'cheque', 3556),
(776, 'CY195', '2015-05-07', 'Nunc commodo auctor velit. Aliquam nisl. Nulla eu neque', 'cash', 2026),
(777, 'LS810', '2016-12-12', 'sagittis semper. Nam tempor diam dictum', 'cheque', 247),
(778, 'QO117', '2015-12-11', 'ac libero nec ligula consectetuer rhoncus.', 'paid', 908),
(779, 'RW618', '2016-01-28', 'molestie. Sed id', 'paid', 382),
(780, 'DZ531', '2015-06-16', 'eros turpis non enim. Mauris quis turpis', 'cash', 1171),
(781, 'DE833', '2015-06-24', 'dictum mi, ac mattis velit justo nec ante. Maecenas mi', 'paid', 1164),
(782, 'WZ232', '2016-08-19', 'ac urna. Ut tincidunt vehicula risus. Nulla eget metus eu', 'cheque', 2003),
(783, 'XU411', '2015-06-30', 'eget mollis lectus pede et risus. Quisque', 'credit', 2175),
(784, 'XY781', '2015-07-21', 'porttitor tellus non magna. Nam ligula elit, pretium', 'paid', 3982),
(785, 'IS826', '2016-06-08', 'convallis, ante lectus convallis est, vitae sodales nisi magna sed', 'credit', 1800),
(786, 'SB197', '2015-05-02', 'non leo. Vivamus nibh dolor, nonummy ac, feugiat non, lobortis', 'cheque', 2205),
(787, 'YI280', '2016-09-21', 'Integer aliquam adipiscing lacus. Ut nec urna et arcu imperdiet', 'cheque', 151),
(788, 'ET999', '2015-03-01', 'Nulla tincidunt, neque', 'paid', 1405),
(789, 'VG763', '2015-09-22', 'ac risus. Morbi metus.', 'cash', 2217),
(790, 'DM259', '2016-08-27', 'Curabitur sed tortor. Integer aliquam adipiscing lacus. Ut nec urna', 'credit', 797),
(791, 'RB073', '2016-04-01', 'tellus. Phasellus elit pede,', 'cash', 4716),
(792, 'YX365', '2015-02-18', 'Mauris vel turpis. Aliquam adipiscing lobortis risus.', 'credit', 1014),
(793, 'WY713', '2015-10-05', 'lacinia', 'paid', 690),
(794, 'UT051', '2016-09-28', 'vitae dolor. Donec fringilla. Donec feugiat metus sit amet ante.', 'cheque', 1856),
(795, 'LT840', '2015-01-08', 'at, velit. Cras lorem lorem, luctus ut,', 'paid', 4237),
(796, 'UC253', '2016-08-17', 'amet luctus vulputate, nisi sem semper erat, in', 'cash', 2292),
(797, 'AG045', '2015-12-21', 'Lorem ipsum dolor', 'cash', 2949),
(798, 'YN953', '2015-10-31', 'dui. Cum sociis natoque penatibus et magnis dis', 'cash', 3100),
(799, 'MM004', '2015-09-18', 'urna justo faucibus lectus, a', 'paid', 1376),
(800, 'WE471', '2015-09-11', 'aliquam arcu.', 'credit', 3025),
(801, 'LI000', '2016-06-02', 'Nulla interdum. Curabitur dictum. Phasellus in felis. Nulla', 'cash', 159),
(802, 'AW285', '2016-02-02', 'dolor sit amet, consectetuer adipiscing elit. Etiam laoreet, libero et', 'cheque', 533),
(803, 'TU386', '2015-05-30', 'fringilla euismod enim. Etiam', 'cash', 3645),
(804, 'YQ663', '2015-07-29', 'orci. Donec nibh. Quisque nonummy ipsum non arcu.', 'cheque', 1180),
(805, 'DE833', '2016-03-11', 'lobortis quis, pede.', 'cash', 1126),
(806, 'LS810', '2016-07-13', 'dui nec urna suscipit nonummy. Fusce fermentum fermentum arcu. Vestibulum', 'paid', 2539),
(807, 'KU480', '2016-03-24', 'scelerisque dui. Suspendisse ac', 'cheque', 4944),
(808, 'UT275', '2015-11-24', 'elit erat', 'credit', 4215),
(809, 'CK140', '2016-04-04', 'vitae velit egestas lacinia. Sed congue, elit sed consequat auctor,', 'credit', 827),
(810, 'DU277', '2015-01-22', 'vitae purus gravida sagittis. Duis gravida. Praesent eu nulla at', 'cheque', 2172),
(811, 'WR657', '2015-05-19', 'Quisque fringilla euismod enim. Etiam gravida molestie arcu.', 'cheque', 1780),
(812, 'HW687', '2016-09-07', 'Nunc pulvinar arcu et pede. Nunc sed orci', 'credit', 2978),
(813, 'WB904', '2016-08-21', 'Mauris molestie pharetra nibh. Aliquam ornare, libero at auctor', 'credit', 4678),
(814, 'TH216', '2015-11-11', 'in, hendrerit consectetuer, cursus et, magna. Praesent interdum', 'cash', 1098),
(815, 'CX517', '2016-10-09', 'faucibus leo, in lobortis tellus justo sit amet', 'paid', 368),
(816, 'VP645', '2016-06-27', 'nulla vulputate dui,', 'credit', 701),
(817, 'UR176', '2016-08-29', 'dapibus rutrum, justo. Praesent luctus. Curabitur egestas nunc sed', 'credit', 2486),
(818, 'QM342', '2016-11-28', 'ut, sem. Nulla interdum. Curabitur dictum. Phasellus in', 'cheque', 2676),
(819, 'LM062', '2016-12-24', 'quis, pede. Suspendisse', 'paid', 1768),
(820, 'JH151', '2015-12-02', 'Aliquam', 'cheque', 2056),
(821, 'JT869', '2016-01-31', 'dignissim. Maecenas ornare egestas ligula. Nullam feugiat placerat velit.', 'credit', 817),
(822, 'VS486', '2015-08-27', 'nisi a odio semper cursus. Integer mollis. Integer', 'cash', 461),
(823, 'SU390', '2015-07-05', 'mollis. Duis sit', 'cash', 4114),
(824, 'AX547', '2016-02-17', 'adipiscing, enim mi tempor lorem, eget', 'credit', 4366),
(825, 'JJ583', '2015-04-16', 'ac tellus. Suspendisse', 'cheque', 3686),
(826, 'MU452', '2015-07-11', 'Mauris quis turpis vitae purus gravida sagittis.', 'cash', 3954),
(827, 'JJ583', '2015-12-04', 'luctus vulputate, nisi sem semper erat, in consectetuer', 'cash', 2460),
(828, 'CB029', '2015-02-16', 'volutpat nunc sit', 'cheque', 4216),
(829, 'RW618', '2016-07-11', 'ligula. Nullam feugiat placerat velit. Quisque varius.', 'paid', 4725),
(830, 'RV692', '2016-02-24', 'sagittis. Nullam vitae diam. Proin dolor. Nulla', 'cheque', 4434),
(831, 'CH118', '2016-02-17', 'nec', 'cash', 3022),
(832, 'LA496', '2016-08-26', 'fringilla. Donec feugiat metus sit amet', 'cheque', 4010),
(833, 'HK981', '2015-04-26', 'pharetra. Quisque ac libero nec ligula consectetuer rhoncus. Nullam', 'cheque', 1867),
(834, 'MC551', '2015-06-10', 'consequat purus. Maecenas libero est, congue a, aliquet vel,', 'credit', 4055),
(835, 'TC312', '2015-02-27', 'vitae, erat. Vivamus nisi. Mauris nulla. Integer urna.', 'cash', 4517),
(836, 'JA055', '2016-11-16', 'malesuada fringilla est. Mauris eu turpis. Nulla aliquet.', 'cheque', 2841),
(837, 'LF651', '2016-07-22', 'nec', 'paid', 2646),
(838, 'QA372', '2015-10-18', 'at', 'paid', 2436),
(839, 'KW405', '2015-09-20', 'a sollicitudin orci sem eget massa. Suspendisse', 'paid', 547),
(840, 'AG045', '2016-10-23', 'sagittis lobortis mauris.', 'paid', 1141),
(841, 'KO838', '2015-09-17', 'Donec tempus, lorem fringilla ornare', 'cash', 964),
(842, 'UM136', '2015-01-22', 'tempor erat neque non quam. Pellentesque habitant morbi', 'cheque', 336),
(843, 'BB075', '2016-09-04', 'nec', 'credit', 206),
(844, 'VC864', '2015-04-11', 'fermentum vel, mauris. Integer sem elit, pharetra', 'cash', 2670),
(845, 'PF703', '2015-05-14', 'porttitor interdum. Sed auctor odio', 'cheque', 1044),
(846, 'QM252', '2016-05-24', 'vulputate velit eu sem. Pellentesque ut ipsum', 'cash', 1885),
(847, 'IP810', '2015-02-25', 'fringilla.', 'cheque', 3019),
(848, 'LF193', '2016-10-04', 'sollicitudin orci sem eget massa. Suspendisse eleifend. Cras', 'cheque', 197),
(849, 'VN647', '2015-12-18', 'iaculis', 'cheque', 4612),
(850, 'FF876', '2015-02-13', 'nunc id enim. Curabitur massa. Vestibulum accumsan neque et', 'cash', 2006),
(851, 'BH269', '2016-06-02', 'Nam interdum enim non nisi. Aenean eget metus. In', 'credit', 160),
(852, 'WG216', '2015-09-23', 'dictum cursus. Nunc mauris elit,', 'credit', 1003),
(853, 'LS631', '2015-06-14', 'auctor velit. Aliquam nisl. Nulla eu', 'paid', 2074),
(854, 'SO346', '2015-07-22', 'non, lobortis quis, pede.', 'credit', 4476),
(855, 'ZI790', '2015-04-12', 'orci luctus', 'paid', 4972),
(856, 'NU972', '2015-11-03', 'orci tincidunt adipiscing. Mauris molestie', 'credit', 1658),
(857, 'IK417', '2016-04-02', 'nulla', 'credit', 4957),
(858, 'KE522', '2015-05-28', 'tellus justo sit amet nulla. Donec non justo.', 'cash', 1874),
(859, 'OZ460', '2015-01-02', 'tristique ac, eleifend vitae, erat. Vivamus nisi.', 'credit', 1301),
(860, 'PF703', '2015-03-17', 'Aliquam', 'credit', 3599),
(861, 'XU411', '2016-07-02', 'est tempor bibendum. Donec felis orci, adipiscing non, luctus sit', 'credit', 1535),
(862, 'WH044', '2015-10-05', 'odio vel est', 'paid', 3285),
(863, 'FL700', '2016-10-18', 'risus. Quisque', 'cash', 1175),
(864, 'JJ583', '2015-08-04', 'a odio semper cursus.', 'cheque', 1011),
(865, 'JK692', '2015-11-22', 'lacinia orci, consectetuer', 'cash', 1182),
(866, 'PX099', '2015-05-17', 'iaculis enim, sit amet ornare lectus justo eu arcu.', 'credit', 2040),
(867, 'BU265', '2016-07-03', 'Fusce mi lorem, vehicula et, rutrum eu, ultrices', 'paid', 4966),
(868, 'VD816', '2015-05-21', 'tincidunt aliquam arcu. Aliquam ultrices iaculis odio. Nam interdum enim', 'cheque', 3629),
(869, 'LF193', '2015-12-01', 'magna', 'paid', 2689),
(870, 'QH766', '2016-02-29', 'et, euismod et, commodo at, libero. Morbi', 'cheque', 3088),
(871, 'RV692', '2016-06-14', 'sapien. Aenean massa. Integer', 'paid', 2006),
(872, 'XE344', '2016-08-19', 'nisi dictum augue malesuada malesuada. Integer id magna et', 'cheque', 1616),
(873, 'MC551', '2015-01-13', 'amet metus. Aliquam erat', 'cheque', 2991),
(874, 'MD698', '2016-01-28', 'luctus felis purus ac', 'credit', 3006),
(875, 'UL419', '2015-08-14', 'libero mauris, aliquam eu,', 'paid', 1886),
(876, 'IO309', '2016-09-04', 'orci, in', 'cash', 1806),
(877, 'QB129', '2015-01-28', 'euismod est arcu ac orci. Ut semper pretium', 'credit', 3226),
(878, 'MN188', '2016-03-15', 'neque.', 'paid', 4629),
(879, 'TN617', '2015-03-31', 'non, egestas a, dui. Cras pellentesque. Sed dictum. Proin eget', 'cash', 814),
(880, 'KE522', '2016-02-15', 'auctor odio a purus. Duis elementum, dui', 'cheque', 2995),
(881, 'YZ496', '2015-01-10', 'amet, consectetuer adipiscing elit. Curabitur sed tortor.', 'cheque', 4180),
(882, 'JH033', '2015-12-08', 'sit amet luctus vulputate, nisi sem semper erat, in', 'paid', 4593),
(883, 'OK127', '2015-04-26', 'non dui nec urna suscipit nonummy. Fusce fermentum', 'paid', 3386),
(884, 'MK016', '2015-05-11', 'turpis non enim. Mauris quis turpis', 'cash', 254),
(885, 'JG843', '2015-06-29', 'massa lobortis ultrices. Vivamus', 'paid', 3876),
(886, 'JC721', '2016-09-09', 'montes, nascetur ridiculus mus. Proin vel', 'credit', 3600),
(887, 'SM100', '2016-05-24', 'et,', 'paid', 269),
(888, 'CB029', '2015-03-22', 'commodo at, libero. Morbi accumsan laoreet ipsum. Curabitur consequat,', 'credit', 272),
(889, 'OT361', '2015-07-06', 'ipsum.', 'cheque', 1041),
(890, 'UJ958', '2015-07-18', 'fringilla, porttitor vulputate, posuere', 'cheque', 4636),
(891, 'AV531', '2015-06-04', 'sapien. Aenean massa. Integer vitae nibh. Donec est mauris,', 'cheque', 583),
(892, 'AF177', '2015-02-07', 'consectetuer, cursus et, magna. Praesent interdum ligula eu', 'credit', 279),
(893, 'UC253', '2015-09-23', 'Nullam scelerisque', 'paid', 1098),
(894, 'ZX237', '2016-07-24', 'Phasellus vitae mauris sit amet lorem semper auctor.', 'credit', 1937),
(895, 'WO463', '2015-10-01', 'ut eros non enim commodo hendrerit. Donec porttitor', 'credit', 1040),
(896, 'HW377', '2015-02-12', 'velit', 'paid', 4770),
(897, 'KC333', '2016-07-01', 'Aliquam tincidunt, nunc ac mattis ornare,', 'paid', 3626),
(898, 'NJ210', '2015-09-19', 'imperdiet', 'cheque', 1792),
(899, 'QM342', '2016-05-15', 'odio a', 'paid', 4967),
(900, 'UJ375', '2015-08-31', 'quis, tristique', 'cash', 3464),
(901, 'WH082', '2015-04-11', 'in magna. Phasellus dolor elit, pellentesque a, facilisis non, bibendum', 'cash', 3092),
(902, 'QQ969', '2016-01-24', 'consectetuer rhoncus. Nullam velit dui,', 'cheque', 4370),
(903, 'MB416', '2015-03-23', 'lacus. Cras interdum. Nunc sollicitudin commodo ipsum. Suspendisse non', 'credit', 1340),
(904, 'TR903', '2016-10-11', 'Cum', 'credit', 2751),
(905, 'YI280', '2015-11-03', 'eget magna. Suspendisse tristique neque venenatis lacus. Etiam bibendum fermentum', 'cheque', 1505),
(906, 'CX355', '2015-02-06', 'enim, gravida sit amet, dapibus', 'credit', 3868),
(907, 'ZH966', '2016-09-27', 'consectetuer adipiscing', 'paid', 4189),
(908, 'AB029', '2015-03-14', 'non, bibendum sed, est. Nunc laoreet lectus quis', 'cash', 1594),
(909, 'OX374', '2015-03-23', 'ut lacus. Nulla tincidunt, neque', 'paid', 3291),
(910, 'CX355', '2015-12-18', 'rutrum, justo. Praesent luctus. Curabitur egestas nunc sed', 'paid', 2213),
(911, 'FZ314', '2015-08-25', 'cursus et,', 'paid', 4143),
(912, 'LR848', '2016-03-31', 'ut quam vel sapien imperdiet ornare.', 'credit', 4902),
(913, 'SW585', '2015-08-09', 'vel, venenatis vel, faucibus id,', 'cash', 3064),
(914, 'KW467', '2016-03-11', 'eget metus. In nec orci. Donec', 'credit', 295),
(915, 'VI657', '2015-01-02', 'euismod enim. Etiam gravida molestie arcu. Sed eu nibh', 'credit', 3167),
(916, 'OU407', '2016-01-23', 'Aenean eget magna. Suspendisse tristique neque venenatis lacus.', 'cheque', 4324),
(917, 'EJ253', '2015-12-16', 'euismod mauris eu elit. Nulla', 'cash', 2997),
(918, 'YE896', '2016-12-25', 'dolor sit amet, consectetuer', 'cash', 1663),
(919, 'UC253', '2015-06-25', 'vulputate', 'credit', 122),
(920, 'DP131', '2016-04-20', 'et, euismod et, commodo at, libero. Morbi accumsan laoreet ipsum.', 'cheque', 2767),
(921, 'LU335', '2015-03-13', 'ultricies ligula.', 'credit', 215),
(922, 'CY195', '2016-02-21', 'id, libero. Donec consectetuer mauris id sapien. Cras', 'cheque', 4683),
(923, 'GE021', '2016-10-01', 'nulla. Integer vulputate, risus a ultricies adipiscing,', 'cheque', 3519),
(924, 'IO030', '2015-10-28', 'quis', 'cash', 4830),
(925, 'ZU240', '2015-10-09', 'vulputate ullamcorper magna. Sed eu eros.', 'paid', 967),
(926, 'GX303', '2015-08-08', 'metus. In lorem. Donec elementum, lorem ut aliquam iaculis, lacus', 'paid', 1522),
(927, 'SQ660', '2015-01-19', 'tellus', 'cash', 2506),
(928, 'CK043', '2016-06-01', 'mauris blandit mattis. Cras eget nisi dictum augue', 'paid', 4235),
(929, 'AN290', '2015-07-12', 'dictum eleifend, nunc risus varius orci, in', 'paid', 809),
(930, 'AT718', '2016-09-01', 'nonummy ultricies ornare, elit elit fermentum', 'cash', 2113),
(931, 'OK527', '2015-08-23', 'Donec fringilla. Donec feugiat', 'paid', 4864),
(932, 'HG880', '2015-12-28', 'enim commodo hendrerit. Donec porttitor tellus', 'credit', 3085),
(933, 'NB048', '2016-05-08', 'turpis vitae purus gravida sagittis. Duis gravida. Praesent eu', 'paid', 271),
(934, 'PE623', '2016-07-10', 'amet lorem semper auctor.', 'cash', 1214),
(935, 'AF177', '2015-08-06', 'eget magna. Suspendisse tristique neque venenatis lacus.', 'paid', 883),
(936, 'WE471', '2016-03-18', 'nec, diam. Duis', 'cheque', 1147),
(937, 'AF177', '2016-07-23', 'tempor augue ac ipsum. Phasellus vitae mauris', 'paid', 2713),
(938, 'WM640', '2015-03-26', 'enim, condimentum', 'cheque', 1186),
(939, 'JH151', '2015-08-27', 'volutpat ornare, facilisis eget,', 'cheque', 2991),
(940, 'CB029', '2016-09-01', 'enim, gravida sit amet, dapibus id, blandit at,', 'cash', 1429),
(941, 'NO820', '2016-05-27', 'nisl. Nulla eu neque pellentesque massa lobortis ultrices. Vivamus', 'paid', 2035),
(942, 'QQ040', '2016-03-10', 'euismod mauris eu elit. Nulla facilisi. Sed neque.', 'cheque', 892),
(943, 'DZ985', '2016-10-01', 'consequat nec, mollis vitae, posuere at,', 'cash', 4498),
(944, 'ED976', '2016-05-30', 'ad litora torquent per conubia nostra, per inceptos hymenaeos. Mauris', 'credit', 4717),
(945, 'PX256', '2015-09-23', 'ullamcorper.', 'paid', 4672),
(946, 'RA042', '2015-05-23', 'venenatis lacus. Etiam', 'credit', 1549),
(947, 'HW687', '2016-04-13', 'euismod urna. Nullam lobortis quam', 'cash', 3966),
(948, 'NB319', '2015-12-17', 'faucibus lectus, a sollicitudin orci', 'cash', 2869),
(949, 'PJ373', '2016-01-10', 'velit', 'paid', 756),
(950, 'DE833', '2016-11-19', 'Donec nibh. Quisque nonummy ipsum non arcu. Vivamus sit amet', 'cheque', 698),
(951, 'XQ779', '2015-02-26', 'conubia nostra, per inceptos hymenaeos. Mauris ut quam vel sapien', 'paid', 414),
(952, 'DE658', '2016-10-24', 'Nam', 'paid', 3278),
(953, 'TS057', '2015-10-25', 'purus, accumsan interdum', 'cheque', 4344),
(954, 'AG045', '2015-05-06', 'Vivamus sit', 'cheque', 162),
(955, 'EH921', '2015-11-18', 'mattis. Cras eget nisi dictum augue malesuada malesuada. Integer', 'cheque', 1228),
(956, 'WQ925', '2015-09-30', 'lorem fringilla ornare placerat, orci', 'paid', 400),
(957, 'WK115', '2016-07-04', 'pede. Suspendisse dui.', 'paid', 4109),
(958, 'SB197', '2015-06-22', 'non massa non ante', 'paid', 4201),
(959, 'RN314', '2015-04-18', 'sit amet massa. Quisque porttitor eros nec tellus. Nunc', 'cash', 2782),
(960, 'WY713', '2015-02-19', 'Phasellus libero mauris, aliquam eu,', 'paid', 169),
(961, 'KK632', '2016-04-24', 'pellentesque a, facilisis non, bibendum sed,', 'credit', 3147),
(962, 'VU665', '2016-12-18', 'Quisque', 'cash', 4096),
(963, 'PG063', '2016-09-25', 'Vestibulum ut eros non enim', 'paid', 1527),
(964, 'BB001', '2016-11-18', 'lectus justo eu arcu. Morbi sit amet', 'credit', 4626),
(965, 'JT869', '2014-12-29', 'sed libero. Proin', 'cheque', 1514),
(966, 'VI657', '2016-10-05', 'Duis', 'paid', 4197),
(967, 'NX468', '2015-12-20', 'Mauris blandit enim consequat purus. Maecenas libero', 'cheque', 4406),
(968, 'QH766', '2015-10-02', 'et, lacinia vitae, sodales', 'credit', 3165),
(969, 'OA713', '2016-02-13', 'id, erat. Etiam vestibulum massa rutrum magna.', 'credit', 2202),
(970, 'WY950', '2015-02-14', 'egestas. Sed pharetra, felis', 'cheque', 811),
(971, 'TT805', '2015-11-27', 'mauris sagittis placerat. Cras dictum ultricies ligula.', 'credit', 3422),
(972, 'MY133', '2015-03-11', 'sed sem egestas blandit.', 'cash', 534),
(973, 'CB029', '2015-07-02', 'Aliquam ultrices iaculis odio. Nam', 'cash', 2422),
(974, 'NB048', '2015-11-16', 'ac libero nec ligula consectetuer rhoncus. Nullam velit dui,', 'cash', 1925),
(975, 'OF389', '2016-12-11', 'enim. Mauris quis turpis', 'cheque', 3749),
(976, 'OZ623', '2016-10-16', 'ultrices. Vivamus rhoncus.', 'credit', 1674),
(977, 'LS810', '2015-04-02', 'enim nisl elementum purus, accumsan interdum libero', 'credit', 4983),
(978, 'WS853', '2015-07-24', 'ut ipsum ac mi eleifend egestas. Sed', 'paid', 762),
(979, 'ZS430', '2015-01-24', 'nostra, per inceptos', 'cheque', 3641),
(980, 'HS637', '2015-08-20', 'eu eros. Nam consequat dolor vitae', 'credit', 2401),
(981, 'UT051', '2016-11-25', 'neque. Sed eget lacus.', 'cheque', 418),
(982, 'YK154', '2015-09-19', 'lobortis tellus justo sit amet nulla. Donec non', 'credit', 2118),
(983, 'WU738', '2015-02-17', 'gravida nunc sed pede. Cum sociis natoque penatibus', 'cheque', 4318),
(984, 'DN097', '2015-08-20', 'ornare sagittis felis. Donec tempor, est ac', 'cash', 169),
(985, 'XS538', '2015-07-30', 'egestas. Fusce aliquet magna a', 'cheque', 833),
(986, 'WM896', '2015-03-14', 'eu nulla at sem molestie sodales.', 'credit', 3309),
(987, 'WY739', '2015-01-22', 'facilisi.', 'credit', 368),
(988, 'VP645', '2016-11-30', 'Vivamus euismod urna. Nullam lobortis quam a felis ullamcorper', 'paid', 3263),
(989, 'UI073', '2015-07-12', 'amet nulla. Donec non justo. Proin non massa non ante', 'cash', 4832),
(990, 'DT081', '2016-09-19', 'diam luctus lobortis. Class aptent taciti sociosqu ad litora', 'cheque', 3197),
(991, 'QP057', '2016-06-18', 'lectus convallis est, vitae sodales nisi', 'credit', 1104),
(992, 'EQ423', '2016-04-15', 'sociis natoque', 'credit', 2041),
(993, 'PS636', '2015-05-05', 'Phasellus fermentum convallis ligula. Donec luctus aliquet odio.', 'credit', 3381),
(994, 'GE258', '2016-02-07', 'laoreet ipsum. Curabitur consequat, lectus sit amet luctus vulputate,', 'cheque', 713),
(995, 'BI207', '2016-02-22', 'netus et malesuada fames ac turpis', 'cash', 843),
(996, 'HG880', '2016-04-18', 'Vivamus molestie dapibus ligula. Aliquam erat volutpat.', 'paid', 3798),
(997, 'UH763', '2016-09-17', 'aliquam iaculis, lacus pede sagittis augue, eu', 'cheque', 1436),
(998, 'EM003', '2014-12-29', 'mauris sit amet lorem semper auctor. Mauris vel turpis.', 'cash', 2354),
(999, 'VW609', '2016-08-05', 'Pellentesque ut', 'cash', 1111),
(1000, 'TC969', '2016-06-27', 'velit eu sem. Pellentesque ut', 'credit', 2821);

-- --------------------------------------------------------

--
-- Table structure for table `invoiceitem`
--

CREATE TABLE IF NOT EXISTS `invoiceitem` (
  `invoiceItemID` int(11) NOT NULL AUTO_INCREMENT,
  `invoiceID` int(11) NOT NULL,
  `productID` varchar(255) NOT NULL,
  `packSize` int(11) DEFAULT NULL,
  `quantity` int(11) NOT NULL,
  `free` int(11) DEFAULT NULL,
  `price` double NOT NULL,
  `margin` int(11) NOT NULL,
  `expireDate` date NOT NULL,
  `discount` double DEFAULT NULL,
  `sold` int(11) NOT NULL,
  PRIMARY KEY (`invoiceItemID`),
  KEY `fk_invoiceitem_invoice1_idx` (`invoiceID`),
  KEY `fk_invoiceitem_product1_idx` (`productID`)
) ENGINE=InnoDB  DEFAULT CHARSET=latin1 AUTO_INCREMENT=1001 ;

--
-- Dumping data for table `invoiceitem`
--

INSERT INTO `invoiceitem` (`invoiceItemID`, `invoiceID`, `productID`, `packSize`, `quantity`, `free`, `price`, `margin`, `expireDate`, `discount`, `sold`) VALUES
(1, 568, '67061', 3, 25, 9, 93.94, 12, '2015-11-08', 8.6, 2),
(2, 16, '06457', 9, 19, 5, 118.16, 14, '2016-04-12', 0.81, 4),
(3, 351, '94716', 1, 12, 7, 111.08, 11, '2015-12-02', 5.17, 5),
(4, 119, '81271', 8, 29, 4, 132.44, 11, '2015-01-21', 6.29, 4),
(5, 305, '14694', 5, 5, 9, 144.53, 17, '2016-03-03', 9.61, 1),
(6, 433, '44227', 7, 28, 7, 195.42, 20, '2016-04-14', 5.48, 4),
(7, 99, '43227', 6, 22, 8, 99.19, 18, '2015-06-07', 8.52, 3),
(8, 210, '39206', 7, 25, 8, 144.27, 10, '2015-08-11', 2.03, 4),
(9, 176, '54618', 7, 30, 8, 75.69, 18, '2015-04-17', 7.8, 3),
(10, 117, '62217', 7, 28, 4, 125.52, 13, '2016-05-12', 4.58, 4),
(11, 373, '49447', 4, 5, 1, 14, 11, '2016-03-01', 8.64, 5),
(12, 166, '22936', 3, 17, 3, 192.49, 13, '2016-11-13', 9.68, 2),
(13, 384, '47439', 5, 18, 3, 113.07, 14, '2016-07-30', 4.21, 2),
(14, 252, '59983', 2, 18, 10, 195.82, 17, '2015-01-01', 2.44, 3),
(15, 174, '93880', 3, 12, 10, 35, 12, '2016-02-18', 9.02, 5),
(16, 380, '30605', 7, 16, 7, 58.31, 17, '2016-07-21', 7.09, 2),
(17, 135, '80964', 5, 17, 1, 179.28, 13, '2015-09-28', 6.51, 5),
(18, 133, '99055', 2, 14, 1, 58.68, 17, '2016-11-09', 6.89, 4),
(19, 292, '90476', 1, 12, 10, 101.61, 14, '2015-01-23', 6.67, 4),
(20, 75, '57684', 5, 19, 9, 47.74, 19, '2016-09-09', 8.28, 2),
(21, 259, '61601', 8, 10, 2, 147.78, 12, '2015-10-12', 9.86, 5),
(22, 149, '88863', 1, 22, 6, 136.8, 14, '2015-10-28', 8.96, 5),
(23, 284, '69694', 1, 14, 2, 191.59, 14, '2015-03-31', 5.14, 3),
(24, 534, '20161', 2, 19, 6, 180.38, 14, '2015-03-06', 1.52, 3),
(25, 498, '36963', 6, 12, 3, 50.72, 11, '2015-03-30', 7.14, 1),
(26, 416, '26374', 3, 13, 9, 155.13, 17, '2015-03-03', 3.7, 3),
(27, 172, '71902', 4, 25, 8, 47.25, 15, '2016-08-22', 0.24, 5),
(28, 551, '56339', 9, 18, 9, 162.5, 20, '2015-04-15', 0.19, 2),
(29, 174, '31269', 8, 14, 9, 131.56, 20, '2016-04-28', 9.28, 2),
(30, 509, '39316', 6, 20, 7, 132.16, 15, '2015-10-10', 7.88, 4),
(31, 9, '80695', 4, 30, 10, 21.08, 15, '2016-09-20', 0.36, 2),
(32, 235, '86282', 8, 14, 8, 42.94, 14, '2015-02-26', 9.89, 5),
(33, 517, '14283', 5, 19, 10, 135.91, 15, '2015-02-08', 8.41, 2),
(34, 559, '26374', 5, 28, 4, 163.45, 20, '2016-02-25', 3.5, 1),
(35, 450, '64744', 9, 22, 4, 74.56, 20, '2015-09-01', 3.32, 1),
(36, 289, '64490', 4, 9, 8, 150.64, 20, '2015-03-20', 5.1, 2),
(37, 533, '70904', 4, 10, 6, 125.96, 14, '2016-07-31', 6.87, 2),
(38, 93, '90476', 8, 26, 9, 188.25, 10, '2016-01-24', 3.4, 5),
(39, 249, '14694', 9, 21, 1, 196.29, 17, '2015-11-14', 4.74, 2),
(40, 557, '31878', 9, 23, 10, 186.87, 17, '2015-08-02', 0.26, 4),
(41, 555, '96976', 2, 21, 7, 60.53, 11, '2016-10-25', 8.62, 1),
(42, 408, '63573', 7, 11, 7, 187.59, 17, '2015-02-11', 8.92, 5),
(43, 134, '34066', 4, 17, 6, 101.29, 11, '2015-10-11', 5.06, 3),
(44, 269, '54947', 6, 24, 5, 82.24, 19, '2016-04-05', 3.16, 2),
(45, 557, '64819', 10, 10, 4, 83.47, 13, '2016-10-17', 3.94, 1),
(46, 463, '87370', 8, 5, 5, 130.87, 11, '2016-11-13', 2.59, 1),
(47, 126, '87711', 3, 26, 7, 189.36, 14, '2016-10-24', 5.23, 5),
(48, 234, '17416', 8, 22, 6, 98.74, 17, '2015-06-02', 3.04, 4),
(49, 289, '01562', 7, 18, 6, 32.56, 18, '2016-10-05', 7.43, 2),
(50, 319, '01413', 6, 20, 1, 108.91, 17, '2016-11-26', 7.23, 4),
(51, 434, '67518', 3, 6, 4, 122.22, 13, '2015-04-29', 4.37, 5),
(52, 29, '05197', 2, 7, 1, 43.55, 19, '2015-11-01', 5.19, 3),
(53, 173, '34179', 6, 10, 3, 181.58, 11, '2015-11-21', 8.38, 4),
(54, 11, '28078', 9, 24, 2, 16.24, 16, '2015-03-20', 5.77, 5),
(55, 230, '38465', 9, 17, 10, 73.05, 10, '2016-09-13', 8.23, 2),
(56, 480, '20404', 4, 11, 10, 82.83, 12, '2015-01-06', 7.03, 1),
(57, 498, '84883', 7, 13, 4, 175.82, 10, '2015-04-01', 7.4, 5),
(58, 195, '43923', 10, 30, 10, 193.14, 19, '2015-05-29', 1.34, 2),
(59, 416, '93495', 6, 11, 4, 43.82, 18, '2015-02-20', 7.23, 3),
(60, 276, '47439', 9, 30, 1, 103.31, 18, '2015-01-25', 7.01, 1),
(61, 39, '43236', 5, 24, 10, 146.57, 11, '2015-08-10', 7.03, 3),
(62, 122, '18325', 5, 5, 4, 28.92, 19, '2016-11-06', 1.32, 3),
(63, 409, '80079', 9, 20, 9, 130.06, 15, '2015-04-11', 7.9, 2),
(64, 566, '13251', 3, 24, 5, 56.55, 11, '2015-12-16', 2.55, 5),
(65, 491, '46632', 5, 29, 4, 189.52, 13, '2016-07-20', 8.67, 4),
(66, 8, '64088', 10, 29, 6, 165.04, 12, '2015-04-13', 2.66, 5),
(67, 42, '12551', 2, 10, 5, 173.53, 16, '2015-10-22', 2.52, 2),
(68, 50, '44967', 7, 28, 9, 145.76, 18, '2016-03-06', 0.16, 1),
(69, 599, '77408', 2, 23, 10, 122.15, 14, '2015-04-22', 9.66, 5),
(70, 569, '44967', 7, 17, 4, 66.59, 15, '2015-09-27', 4.78, 5),
(71, 393, '79656', 2, 6, 4, 11.16, 15, '2015-12-11', 8.47, 1),
(72, 36, '73911', 2, 6, 7, 56.28, 20, '2016-07-07', 2.69, 2),
(73, 142, '83449', 7, 9, 1, 54.58, 10, '2016-04-19', 9.97, 5),
(74, 56, '77204', 6, 23, 8, 99.63, 13, '2016-04-05', 4.56, 3),
(75, 349, '08314', 4, 13, 4, 65.27, 12, '2015-05-21', 6.93, 4),
(76, 385, '34237', 7, 24, 6, 162.67, 11, '2015-03-04', 9.9, 2),
(77, 421, '18184', 6, 9, 1, 199.44, 12, '2015-05-15', 5.13, 4),
(78, 147, '85954', 3, 19, 9, 30.07, 14, '2016-07-16', 5.28, 1),
(79, 553, '34860', 4, 21, 8, 95.35, 11, '2016-10-30', 1.98, 5),
(80, 561, '59983', 2, 14, 5, 50.13, 16, '2016-05-18', 3.11, 2),
(81, 354, '28370', 2, 11, 2, 193.78, 17, '2016-03-22', 0.07, 5),
(82, 499, '60853', 1, 9, 10, 72.52, 13, '2015-01-14', 1.03, 1),
(83, 257, '93276', 1, 29, 6, 140.23, 19, '2015-08-18', 1.6, 4),
(84, 429, '71738', 4, 30, 10, 129.79, 17, '2016-11-25', 0.06, 5),
(85, 456, '80695', 10, 18, 10, 78.22, 20, '2015-08-09', 5.26, 5),
(86, 251, '64490', 7, 26, 7, 80.08, 11, '2015-01-23', 2.6, 3),
(87, 294, '67893', 9, 16, 5, 73.61, 11, '2016-04-22', 1.48, 2),
(88, 220, '64472', 7, 8, 2, 195.14, 13, '2016-11-15', 9.05, 3),
(89, 101, '11006', 7, 11, 2, 50.79, 13, '2016-04-22', 0, 2),
(90, 284, '25645', 5, 13, 7, 127.96, 16, '2015-03-05', 2.41, 1),
(91, 298, '58703', 5, 10, 7, 26.25, 18, '2015-10-29', 5.51, 3),
(92, 551, '63392', 4, 26, 7, 142.03, 15, '2016-03-12', 1.11, 4),
(93, 271, '68662', 10, 7, 7, 91.37, 13, '2015-01-16', 9.18, 2),
(94, 555, '28828', 2, 24, 4, 26.47, 18, '2015-12-03', 5.97, 4),
(95, 443, '69021', 4, 30, 10, 165.65, 11, '2014-12-28', 2.43, 5),
(96, 465, '94357', 5, 26, 9, 110.87, 11, '2015-03-09', 4.99, 3),
(97, 266, '70535', 4, 27, 3, 55.99, 17, '2015-07-29', 6.18, 1),
(98, 388, '68031', 6, 9, 8, 50.4, 15, '2015-01-11', 6.5, 5),
(99, 227, '15016', 6, 21, 2, 181.37, 13, '2016-01-17', 5.25, 5),
(100, 516, '78817', 7, 20, 6, 93.61, 20, '2015-12-21', 1.79, 2),
(101, 61, '14694', 6, 26, 2, 43.48, 17, '2016-01-06', 9.36, 3),
(102, 28, '94016', 9, 12, 5, 31.86, 15, '2015-06-23', 9.68, 4),
(103, 555, '73804', 10, 24, 8, 45.7, 19, '2015-09-17', 0.44, 1),
(104, 90, '46180', 8, 16, 1, 111.14, 17, '2015-07-10', 3.33, 3),
(105, 380, '21363', 1, 24, 9, 30.93, 13, '2016-01-18', 4.88, 2),
(106, 133, '12083', 6, 22, 6, 52.9, 17, '2015-12-27', 8.04, 3),
(107, 239, '65861', 3, 29, 6, 16.86, 14, '2016-04-16', 0.57, 1),
(108, 272, '00371', 5, 7, 10, 121.15, 17, '2016-03-28', 5, 4),
(109, 170, '43669', 5, 18, 1, 164.59, 18, '2016-09-04', 5.37, 4),
(110, 78, '29719', 1, 29, 6, 49.51, 12, '2015-05-29', 2.71, 3),
(111, 93, '79656', 6, 13, 7, 178.54, 11, '2016-05-18', 4.11, 5),
(112, 21, '59784', 10, 24, 5, 87.27, 17, '2016-05-07', 8.88, 2),
(113, 376, '07653', 3, 10, 8, 37.42, 20, '2016-08-19', 6.12, 4),
(114, 183, '47477', 4, 14, 1, 196.75, 10, '2015-10-08', 2.1, 3),
(115, 245, '70087', 5, 20, 5, 82.99, 14, '2015-02-20', 6.03, 3),
(116, 130, '69572', 10, 7, 7, 79.12, 18, '2016-12-11', 6.43, 4),
(117, 439, '22277', 9, 19, 9, 19.58, 15, '2015-03-06', 4.3, 2),
(118, 10, '42289', 4, 17, 9, 168.97, 19, '2016-02-10', 6.28, 1),
(119, 188, '27491', 5, 22, 9, 178.62, 19, '2016-09-09', 4.9, 4),
(120, 585, '09831', 10, 7, 2, 168.62, 10, '2016-09-29', 9.6, 5),
(121, 585, '31694', 10, 26, 3, 69.76, 15, '2015-09-25', 4.89, 5),
(122, 329, '19899', 7, 17, 8, 40.79, 19, '2015-07-21', 1.21, 1),
(123, 318, '98231', 2, 18, 2, 198.29, 11, '2016-07-05', 1.11, 3),
(124, 593, '42195', 10, 6, 6, 67.37, 12, '2016-07-16', 3.93, 4),
(125, 475, '11291', 6, 12, 8, 24.14, 11, '2015-04-07', 6.88, 1),
(126, 275, '59682', 3, 7, 2, 45.57, 18, '2015-10-05', 1.8, 2),
(127, 188, '78453', 4, 27, 7, 147.88, 17, '2015-07-29', 8.04, 4),
(128, 215, '06457', 3, 9, 4, 184.51, 17, '2015-02-21', 3.14, 4),
(129, 539, '60853', 5, 13, 3, 38.73, 13, '2016-12-06', 5.29, 3),
(130, 289, '29457', 8, 17, 6, 116.47, 19, '2015-12-25', 7.54, 5),
(131, 36, '02500', 5, 16, 5, 101.01, 16, '2016-12-06', 7.28, 2),
(132, 75, '55328', 10, 7, 7, 43.34, 13, '2016-12-17', 9.02, 4),
(133, 50, '77933', 6, 20, 1, 147.45, 16, '2015-12-14', 6.53, 5),
(134, 351, '78758', 8, 22, 10, 149.53, 12, '2016-03-05', 7.83, 5),
(135, 63, '25426', 5, 22, 7, 75.3, 10, '2016-06-20', 7.93, 4),
(136, 274, '09925', 1, 17, 10, 185.94, 10, '2016-02-24', 4.06, 4),
(137, 43, '69297', 3, 19, 10, 58.71, 10, '2016-06-04', 0.65, 4),
(138, 584, '01076', 4, 22, 5, 149.95, 18, '2016-05-10', 3.94, 3),
(139, 229, '27206', 7, 25, 5, 100.76, 10, '2015-06-10', 8.52, 5),
(140, 156, '57523', 2, 25, 2, 139, 16, '2016-05-24', 5.18, 1),
(141, 531, '20001', 2, 20, 8, 135.28, 13, '2016-05-10', 1.01, 3),
(142, 300, '73358', 9, 21, 2, 187.69, 17, '2015-04-24', 6.97, 4),
(143, 484, '34030', 8, 14, 10, 133.16, 14, '2015-12-05', 3.78, 2),
(144, 29, '02260', 5, 16, 7, 99.74, 15, '2015-04-11', 1.78, 5),
(145, 215, '94535', 5, 8, 8, 113.88, 13, '2016-07-03', 7.88, 5),
(146, 576, '07150', 6, 11, 1, 121.74, 18, '2016-12-10', 9.82, 5),
(147, 40, '57523', 1, 10, 9, 108.48, 12, '2016-04-06', 9.65, 5),
(148, 51, '70670', 3, 12, 8, 20.27, 16, '2015-12-14', 1.53, 3),
(149, 45, '09065', 3, 27, 9, 191.91, 13, '2015-12-07', 6.34, 3),
(150, 187, '52767', 10, 29, 7, 34.28, 13, '2015-03-05', 6.03, 3),
(151, 114, '11688', 1, 25, 4, 105.64, 13, '2015-09-13', 2.94, 5),
(152, 262, '09243', 3, 24, 5, 54.51, 19, '2016-12-27', 2.24, 2),
(153, 585, '54861', 4, 17, 10, 56.99, 10, '2016-07-08', 9.76, 5),
(154, 534, '27648', 2, 26, 10, 110.34, 11, '2015-02-09', 0.95, 1),
(155, 550, '25426', 8, 9, 8, 126.69, 16, '2015-12-15', 2.76, 1),
(156, 260, '86667', 3, 14, 7, 183.41, 17, '2015-02-03', 7.18, 2),
(157, 275, '09126', 6, 7, 10, 20.93, 17, '2015-04-19', 2.4, 4),
(158, 115, '11660', 1, 29, 2, 134.87, 13, '2015-10-03', 4.16, 1),
(159, 338, '43167', 5, 10, 9, 103.8, 15, '2015-07-02', 7.55, 3),
(160, 527, '68662', 5, 19, 3, 124.21, 10, '2016-11-16', 6.63, 4),
(161, 56, '05304', 2, 22, 2, 102.62, 14, '2015-02-10', 4.5, 1),
(162, 51, '79656', 3, 19, 4, 60.5, 17, '2016-11-07', 7.96, 3),
(163, 114, '87829', 2, 25, 10, 176.79, 15, '2015-06-03', 2.36, 3),
(164, 249, '93880', 10, 5, 5, 113.32, 15, '2015-10-09', 9.88, 3),
(165, 433, '19448', 8, 7, 6, 67.04, 19, '2015-05-08', 1.21, 1),
(166, 453, '18224', 2, 27, 4, 112.92, 20, '2016-11-07', 8.01, 5),
(167, 135, '86667', 2, 22, 1, 167.62, 16, '2016-04-24', 7.25, 5),
(168, 435, '26374', 2, 14, 6, 154.63, 18, '2016-03-26', 6.7, 1),
(169, 590, '85954', 10, 16, 10, 44.6, 13, '2015-06-25', 8.11, 5),
(170, 251, '11582', 9, 21, 9, 146.31, 18, '2015-11-15', 5.13, 1),
(171, 67, '74291', 6, 26, 6, 60.5, 18, '2015-10-13', 8.32, 4),
(172, 85, '18772', 9, 28, 7, 189.23, 11, '2015-11-12', 2.18, 1),
(173, 441, '38501', 7, 22, 8, 172.88, 16, '2016-01-07', 7.7, 4),
(174, 49, '56707', 1, 23, 8, 58.55, 16, '2015-06-27', 0.18, 3),
(175, 478, '72544', 3, 17, 4, 135.56, 16, '2015-02-08', 8.09, 5),
(176, 99, '42426', 7, 16, 9, 17.48, 15, '2016-07-12', 3.96, 1),
(177, 233, '74547', 10, 27, 1, 30.95, 17, '2016-10-26', 9.97, 5),
(178, 56, '03814', 9, 27, 8, 112.51, 16, '2016-01-31', 1.78, 2),
(179, 482, '41434', 7, 8, 10, 64.86, 19, '2015-08-29', 6.67, 2),
(180, 395, '29996', 9, 10, 7, 195.49, 17, '2015-03-17', 1.69, 3),
(181, 465, '10447', 10, 12, 5, 123.3, 19, '2015-03-19', 8.38, 2),
(182, 405, '86568', 2, 18, 9, 48.7, 15, '2015-09-01', 3.2, 1),
(183, 547, '92142', 8, 27, 7, 146.7, 17, '2015-02-10', 3.09, 4),
(184, 397, '51504', 9, 12, 2, 89.3, 14, '2016-10-30', 9.11, 1),
(185, 493, '53838', 10, 29, 10, 171.2, 17, '2015-02-13', 1.72, 3),
(186, 160, '22105', 4, 28, 8, 173.76, 15, '2015-03-13', 8.17, 3),
(187, 564, '96135', 6, 25, 5, 117.34, 15, '2015-03-31', 5.24, 4),
(188, 129, '38501', 3, 14, 9, 143.39, 20, '2016-12-16', 5.2, 2),
(189, 481, '83449', 6, 12, 9, 47.99, 15, '2015-04-01', 0.49, 5),
(190, 272, '50934', 7, 20, 9, 36.97, 12, '2015-01-14', 4.63, 5),
(191, 200, '49606', 6, 15, 3, 78.72, 19, '2015-09-07', 2.17, 4),
(192, 443, '69021', 4, 26, 9, 140.88, 20, '2015-04-02', 0.11, 4),
(193, 406, '52571', 3, 23, 1, 25.99, 15, '2016-04-21', 1.04, 4),
(194, 333, '09243', 2, 14, 10, 84, 19, '2015-12-30', 6.91, 2),
(195, 372, '25426', 4, 8, 5, 100.48, 17, '2016-08-17', 0.83, 1),
(196, 598, '54947', 1, 28, 9, 90.72, 10, '2015-06-10', 4.53, 2),
(197, 466, '09925', 4, 22, 4, 40.9, 13, '2015-04-21', 3.76, 2),
(198, 97, '25330', 6, 26, 9, 140.26, 10, '2015-12-05', 8.99, 2),
(199, 465, '70036', 7, 8, 3, 47.76, 16, '2015-02-19', 7.55, 2),
(200, 136, '53009', 9, 29, 8, 68.2, 15, '2016-05-29', 6.34, 4),
(201, 204, '52732', 7, 19, 8, 65.25, 20, '2015-03-14', 2.66, 5),
(202, 526, '78137', 9, 29, 5, 111.19, 16, '2015-06-02', 0.93, 4),
(203, 293, '27407', 2, 26, 5, 112.35, 19, '2015-10-08', 3.71, 4),
(204, 22, '25645', 6, 30, 6, 125.05, 11, '2016-11-18', 8.85, 1),
(205, 511, '32202', 3, 6, 10, 172.85, 11, '2015-03-17', 5.73, 5),
(206, 522, '27517', 3, 29, 9, 14.05, 14, '2015-07-04', 1.46, 1),
(207, 420, '70119', 10, 30, 4, 199.45, 20, '2016-04-14', 4.53, 1),
(208, 43, '60585', 2, 12, 2, 82.52, 14, '2015-02-26', 8.38, 3),
(209, 337, '86329', 5, 11, 6, 25.72, 19, '2015-06-09', 5.4, 3),
(210, 496, '10323', 4, 16, 10, 25.44, 19, '2016-07-02', 5.48, 1),
(211, 260, '94716', 1, 19, 9, 13.86, 11, '2015-02-19', 8.58, 4),
(212, 175, '37550', 4, 26, 9, 196.67, 17, '2016-07-06', 1.09, 3),
(213, 567, '47477', 1, 19, 10, 42.98, 12, '2016-07-17', 5.1, 1),
(214, 21, '94899', 9, 7, 1, 37.48, 17, '2015-08-22', 7.34, 5),
(215, 386, '18866', 1, 20, 1, 144.74, 12, '2016-08-24', 8.82, 5),
(216, 547, '47429', 10, 25, 6, 59.47, 17, '2016-10-01', 1.47, 1),
(217, 535, '83381', 6, 25, 9, 150.97, 17, '2016-04-14', 7.21, 3),
(218, 371, '66897', 8, 19, 10, 108.84, 15, '2015-12-11', 0.02, 2),
(219, 448, '11688', 1, 6, 5, 105.26, 14, '2015-09-01', 4.84, 1),
(220, 450, '98565', 3, 21, 6, 152.33, 14, '2016-01-14', 5.39, 4),
(221, 383, '96852', 5, 27, 8, 185.97, 11, '2015-05-24', 5.11, 1),
(222, 329, '47995', 6, 17, 10, 21.66, 13, '2016-04-01', 2.78, 3),
(223, 526, '79415', 5, 29, 1, 182.04, 14, '2015-06-19', 5.98, 1),
(224, 260, '69285', 9, 7, 8, 194.44, 10, '2016-01-06', 2.08, 5),
(225, 338, '33695', 10, 25, 6, 146.53, 15, '2015-04-20', 4.51, 1),
(226, 174, '43334', 8, 13, 10, 45.14, 19, '2016-07-05', 2.37, 5),
(227, 556, '28828', 6, 14, 9, 172.17, 11, '2014-12-28', 1.58, 1),
(228, 576, '63573', 5, 13, 9, 136.22, 10, '2016-08-13', 9.79, 5),
(229, 343, '66844', 1, 13, 4, 156.62, 18, '2016-02-16', 8.12, 1),
(230, 264, '94787', 3, 10, 8, 135.21, 13, '2015-05-31', 1.86, 2),
(231, 148, '58734', 1, 10, 10, 176.07, 15, '2015-12-23', 6.69, 4),
(232, 108, '42762', 9, 28, 3, 132.12, 10, '2015-12-24', 6.55, 3),
(233, 542, '19932', 1, 13, 5, 171.53, 18, '2016-10-07', 0.86, 3),
(234, 242, '19721', 8, 30, 1, 39.91, 12, '2015-12-10', 7.36, 1),
(235, 295, '75780', 2, 20, 10, 171.33, 19, '2015-03-17', 3.25, 4),
(236, 220, '86667', 6, 30, 2, 116.57, 13, '2015-06-17', 1.27, 2),
(237, 244, '16767', 4, 10, 7, 101.73, 17, '2016-08-09', 4.78, 3),
(238, 36, '70629', 9, 7, 2, 56.51, 16, '2015-06-27', 4.81, 4),
(239, 45, '47565', 2, 10, 4, 140.41, 12, '2016-01-07', 7.57, 2),
(240, 407, '05740', 3, 10, 3, 116.79, 11, '2016-12-07', 7.38, 1),
(241, 222, '72544', 5, 24, 5, 26.2, 12, '2016-04-11', 5.3, 3),
(242, 537, '87907', 4, 9, 2, 25.94, 11, '2016-12-07', 8.6, 5),
(243, 254, '55222', 2, 15, 5, 61.18, 14, '2016-08-12', 9.42, 2),
(244, 117, '59463', 7, 16, 7, 22.65, 15, '2016-12-10', 2.22, 2),
(245, 262, '38465', 3, 7, 5, 106.71, 18, '2015-09-18', 9.56, 5),
(246, 128, '25974', 3, 23, 7, 137.22, 16, '2016-09-08', 5.01, 5),
(247, 451, '18839', 9, 25, 8, 101.84, 18, '2015-05-27', 1.75, 5),
(248, 80, '77408', 1, 9, 2, 134.66, 18, '2015-03-31', 7.19, 1),
(249, 58, '05248', 4, 21, 5, 84.27, 19, '2016-03-21', 0.72, 3),
(250, 47, '42816', 10, 21, 1, 163.35, 12, '2016-05-30', 2.49, 1),
(251, 231, '62219', 5, 19, 9, 46.54, 15, '2015-05-10', 2.9, 4),
(252, 338, '81648', 10, 23, 4, 54.81, 12, '2015-10-02', 4.72, 3),
(253, 85, '16347', 7, 17, 4, 126.89, 18, '2015-10-10', 9.54, 2),
(254, 596, '16834', 3, 14, 4, 189.48, 13, '2016-11-19', 9.11, 3),
(255, 208, '15016', 9, 26, 4, 172.36, 13, '2015-01-21', 2.3, 3),
(256, 28, '87370', 9, 12, 4, 119.68, 17, '2015-07-20', 8.95, 2),
(257, 278, '59682', 3, 7, 4, 114.9, 12, '2016-04-08', 6.39, 4),
(258, 585, '50345', 1, 27, 1, 14.8, 11, '2016-12-27', 5.4, 2),
(259, 298, '52524', 6, 9, 4, 185.93, 11, '2016-02-05', 6.45, 2),
(260, 373, '43772', 10, 6, 3, 72.58, 15, '2015-11-25', 6, 5),
(261, 534, '83941', 6, 8, 8, 190.68, 18, '2015-01-03', 0.66, 3),
(262, 589, '44572', 2, 7, 9, 31.97, 14, '2015-10-03', 1.9, 3),
(263, 244, '15360', 4, 28, 9, 55.32, 16, '2015-08-02', 4.57, 1),
(264, 227, '37308', 3, 9, 8, 181.84, 11, '2016-03-22', 6.35, 4),
(265, 178, '23209', 2, 18, 9, 46.73, 12, '2015-03-21', 6.94, 1),
(266, 432, '49606', 6, 18, 1, 143.38, 20, '2015-05-09', 1.7, 4),
(267, 343, '79656', 10, 18, 3, 32.05, 20, '2016-03-17', 4.87, 4),
(268, 63, '66897', 5, 21, 4, 174.24, 12, '2015-01-08', 5.77, 5),
(269, 218, '35846', 8, 12, 4, 47.8, 10, '2016-08-26', 6.04, 5),
(270, 188, '04364', 3, 14, 2, 79.88, 10, '2016-01-07', 6.99, 1),
(271, 395, '16632', 3, 16, 7, 198.45, 19, '2015-07-30', 8.04, 5),
(272, 29, '48994', 10, 27, 2, 32.8, 20, '2016-03-28', 1.21, 5),
(273, 588, '80964', 10, 7, 6, 155.13, 14, '2015-09-08', 0.6, 2),
(274, 434, '66458', 4, 26, 7, 171.44, 14, '2015-02-22', 8.71, 2),
(275, 31, '69285', 3, 7, 7, 81.07, 10, '2016-02-09', 4.5, 3),
(276, 401, '47554', 9, 28, 7, 35.09, 20, '2016-08-26', 8.09, 5),
(277, 29, '70087', 10, 30, 5, 71.41, 11, '2015-08-13', 0.4, 4),
(278, 67, '67879', 8, 5, 3, 192.63, 14, '2015-05-06', 8.53, 4),
(279, 184, '38465', 8, 30, 9, 183.94, 19, '2015-09-24', 1.57, 1),
(280, 69, '05304', 7, 24, 1, 17.36, 17, '2015-10-01', 4.65, 4),
(281, 40, '94787', 10, 18, 10, 142.7, 20, '2015-05-23', 5.93, 5),
(282, 87, '62859', 3, 19, 8, 130.87, 12, '2016-02-03', 8.49, 2),
(283, 313, '16632', 10, 27, 7, 31.84, 19, '2016-05-11', 2.32, 5),
(284, 15, '10843', 2, 13, 1, 192.94, 13, '2016-06-16', 2.09, 4),
(285, 487, '93457', 4, 22, 2, 36.69, 19, '2015-10-25', 8.07, 5),
(286, 427, '81648', 1, 21, 8, 100.15, 13, '2015-01-14', 4.45, 3),
(287, 7, '52524', 7, 13, 8, 116.22, 17, '2016-06-27', 2.28, 4),
(288, 124, '52571', 4, 11, 3, 44.06, 13, '2015-07-24', 1.17, 5),
(289, 132, '97770', 9, 9, 7, 165.62, 14, '2015-04-08', 7.5, 3),
(290, 142, '47916', 4, 13, 9, 96.04, 15, '2015-05-06', 8.85, 3),
(291, 208, '89729', 8, 28, 4, 14.05, 16, '2015-10-18', 7.16, 5),
(292, 164, '27258', 6, 14, 9, 191.15, 11, '2015-03-20', 6.34, 2),
(293, 586, '10538', 2, 9, 10, 30.58, 15, '2015-06-16', 2.21, 2),
(294, 462, '23401', 7, 9, 9, 170.34, 19, '2016-02-06', 6.65, 1),
(295, 412, '26162', 3, 21, 4, 192.54, 17, '2015-10-02', 7.81, 1),
(296, 2, '21321', 10, 22, 8, 103.79, 10, '2015-04-06', 5.5, 2),
(297, 394, '26374', 7, 12, 10, 80.03, 17, '2015-04-11', 3.14, 3),
(298, 43, '52732', 9, 8, 2, 119.49, 16, '2015-12-10', 4.68, 5),
(299, 280, '53824', 2, 9, 1, 120.67, 12, '2015-03-29', 2.99, 3),
(300, 448, '36525', 1, 17, 7, 95.91, 11, '2016-09-02', 3.02, 3),
(301, 272, '02799', 3, 29, 2, 31.28, 14, '2015-04-11', 5.38, 2),
(302, 304, '75780', 9, 20, 9, 48.53, 19, '2015-07-25', 8.64, 4),
(303, 235, '29996', 5, 29, 2, 73.36, 19, '2016-09-16', 8.04, 3),
(304, 470, '72544', 10, 17, 3, 121.26, 19, '2016-04-29', 2.84, 2),
(305, 584, '04623', 4, 29, 4, 112.71, 14, '2015-02-13', 8.34, 5),
(306, 373, '05248', 1, 20, 6, 124.28, 13, '2016-08-12', 8.42, 3),
(307, 360, '74713', 7, 21, 10, 80.47, 12, '2015-12-01', 0.34, 1),
(308, 333, '35466', 5, 28, 3, 113.18, 20, '2015-08-17', 0.3, 5),
(309, 30, '58022', 5, 11, 3, 189.42, 10, '2015-09-10', 0.64, 3),
(310, 574, '96135', 5, 26, 3, 159.06, 19, '2016-12-12', 6.57, 5),
(311, 256, '27407', 4, 29, 9, 29.7, 19, '2015-07-21', 3.47, 4),
(312, 75, '62219', 10, 25, 8, 176.62, 12, '2016-09-10', 9.08, 4),
(313, 336, '83145', 7, 22, 2, 19.33, 19, '2016-08-24', 2.23, 1),
(314, 286, '62028', 3, 6, 3, 97.32, 12, '2016-03-04', 3.58, 1),
(315, 419, '23710', 8, 7, 7, 155.56, 16, '2015-05-01', 4.81, 1),
(316, 531, '20724', 5, 18, 9, 127.18, 20, '2016-10-10', 8.35, 3),
(317, 269, '44572', 8, 14, 8, 138.26, 20, '2016-11-06', 6.63, 4),
(318, 327, '11582', 3, 10, 3, 192.11, 13, '2015-11-09', 9.55, 3),
(319, 423, '15016', 10, 12, 10, 188.74, 16, '2015-05-21', 3.77, 5),
(320, 398, '34157', 10, 12, 6, 19.21, 12, '2016-01-17', 8.38, 2),
(321, 450, '37220', 9, 23, 4, 159.38, 10, '2016-05-29', 9.96, 1),
(322, 557, '42770', 4, 11, 3, 13.77, 12, '2015-02-22', 8.75, 1),
(323, 535, '74247', 1, 27, 7, 28.83, 13, '2015-07-30', 7.74, 4),
(324, 588, '23710', 2, 19, 5, 89.96, 17, '2015-04-13', 4.77, 2),
(325, 2, '57481', 10, 26, 2, 48.76, 19, '2016-09-26', 5.71, 2),
(326, 116, '14395', 5, 18, 1, 21.7, 16, '2015-03-22', 1.77, 4),
(327, 483, '00653', 5, 23, 4, 44.62, 11, '2016-06-18', 9.79, 2),
(328, 491, '85270', 5, 28, 8, 49.54, 14, '2016-07-08', 1.77, 2),
(329, 63, '63392', 2, 15, 4, 144.27, 20, '2016-11-28', 3.12, 1),
(330, 447, '25974', 9, 5, 4, 188.83, 19, '2015-10-15', 8.2, 5),
(331, 359, '09831', 5, 22, 1, 156.62, 11, '2015-03-08', 0.35, 4),
(332, 184, '93880', 7, 6, 3, 73.33, 14, '2015-07-21', 6.59, 2),
(333, 464, '43967', 1, 28, 1, 125.7, 19, '2015-03-02', 7.3, 1),
(334, 304, '18224', 8, 22, 5, 165.73, 20, '2016-05-14', 2.78, 1),
(335, 407, '81003', 2, 8, 5, 79.51, 17, '2016-10-17', 4.19, 4),
(336, 326, '20001', 5, 13, 3, 67.63, 11, '2016-01-15', 3.69, 3),
(337, 175, '90532', 1, 28, 2, 100.46, 18, '2016-12-07', 1.08, 4),
(338, 148, '65199', 8, 28, 1, 139.71, 15, '2015-06-15', 1.88, 4),
(339, 413, '23209', 6, 25, 5, 27.09, 19, '2016-09-05', 1.28, 2),
(340, 441, '43669', 9, 15, 9, 196.02, 13, '2016-02-04', 6.46, 2),
(341, 43, '77051', 2, 17, 10, 126.57, 13, '2016-11-23', 5.06, 2),
(342, 391, '02500', 8, 17, 2, 99.47, 16, '2016-06-24', 0.28, 5),
(343, 138, '11541', 3, 20, 3, 159.87, 13, '2016-01-04', 2.99, 1),
(344, 457, '83973', 4, 19, 10, 34.53, 12, '2016-10-20', 1.03, 1),
(345, 244, '18772', 1, 15, 2, 29.36, 16, '2016-11-13', 2.21, 3),
(346, 215, '26344', 2, 25, 9, 153.64, 14, '2016-02-12', 6.97, 5),
(347, 28, '17416', 1, 11, 7, 20.89, 18, '2016-08-28', 2.66, 5),
(348, 140, '91292', 7, 12, 9, 138.05, 18, '2015-09-04', 2.98, 3),
(349, 190, '47995', 5, 17, 2, 40.92, 12, '2015-03-05', 9.35, 3),
(350, 579, '36515', 7, 27, 6, 73.41, 19, '2016-08-12', 9.24, 2),
(351, 285, '09243', 10, 10, 10, 144.38, 18, '2015-12-05', 3.71, 4),
(352, 386, '27407', 1, 22, 6, 168.93, 13, '2015-12-09', 0.87, 3),
(353, 81, '11660', 4, 10, 2, 115.52, 12, '2015-05-07', 6.85, 3),
(354, 565, '74547', 3, 22, 8, 153.18, 10, '2016-06-13', 7.64, 4),
(355, 360, '20001', 10, 18, 4, 119.59, 17, '2015-07-30', 5.43, 4),
(356, 261, '86282', 3, 5, 4, 146.35, 13, '2015-05-06', 7.38, 2),
(357, 553, '67999', 8, 16, 4, 51.04, 18, '2015-01-16', 9.19, 1),
(358, 532, '11291', 5, 30, 6, 91.91, 17, '2016-05-14', 9.52, 1),
(359, 524, '29457', 6, 20, 8, 30.66, 16, '2015-01-22', 5.42, 4),
(360, 91, '22277', 3, 11, 2, 142.33, 14, '2016-02-27', 6.49, 3),
(361, 16, '47439', 2, 16, 7, 135.73, 20, '2016-05-05', 3.86, 5),
(362, 528, '48486', 9, 22, 4, 176.76, 13, '2015-06-28', 9.25, 1),
(363, 160, '98345', 9, 12, 2, 154.64, 10, '2016-03-04', 3.97, 3),
(364, 393, '64744', 6, 8, 7, 23.66, 17, '2016-11-17', 0.59, 1),
(365, 70, '52130', 2, 8, 9, 133.4, 16, '2016-10-18', 7.95, 5),
(366, 123, '59463', 6, 13, 9, 69.48, 11, '2016-09-23', 5.28, 5),
(367, 328, '72714', 4, 6, 6, 76.35, 18, '2016-03-03', 6.7, 1),
(368, 570, '98938', 1, 24, 9, 157.92, 13, '2016-06-27', 3.84, 1),
(369, 281, '53179', 8, 17, 8, 157.92, 10, '2016-04-10', 8.43, 2),
(370, 254, '62282', 3, 22, 2, 174.8, 14, '2015-07-21', 3.31, 5),
(371, 294, '50345', 7, 22, 2, 11.65, 18, '2015-08-28', 5.52, 2),
(372, 470, '36963', 1, 23, 1, 68.97, 18, '2016-09-15', 5.95, 4),
(373, 253, '30836', 7, 28, 9, 108.55, 13, '2016-08-29', 9.54, 4),
(374, 559, '29600', 10, 29, 3, 167.43, 15, '2016-12-16', 1.22, 2),
(375, 243, '74514', 7, 18, 2, 151.99, 20, '2016-03-01', 2.94, 4),
(376, 152, '98382', 8, 25, 7, 119.39, 14, '2015-05-05', 0.83, 2),
(377, 289, '34602', 8, 19, 3, 52, 18, '2016-06-01', 9.42, 5),
(378, 331, '76023', 1, 30, 5, 24.7, 15, '2016-09-25', 0.27, 5),
(379, 489, '06352', 3, 21, 6, 49.08, 17, '2015-12-01', 5.41, 5),
(380, 414, '70904', 1, 16, 7, 155.65, 11, '2015-07-04', 6.92, 3),
(381, 323, '19448', 2, 7, 3, 28.75, 11, '2015-09-01', 1.07, 5),
(382, 491, '33813', 2, 14, 1, 192.64, 20, '2015-04-06', 2.23, 5),
(383, 138, '85954', 10, 20, 3, 153.77, 20, '2015-07-01', 7.07, 3),
(384, 148, '44669', 5, 11, 3, 65.3, 15, '2015-10-26', 0.02, 4),
(385, 587, '25942', 2, 12, 3, 50.78, 11, '2016-12-05', 5.16, 4),
(386, 411, '69572', 7, 7, 10, 23.4, 16, '2015-02-12', 0.41, 1),
(387, 347, '94643', 9, 19, 9, 173.92, 16, '2015-11-02', 9.54, 3),
(388, 589, '95514', 9, 20, 9, 87.53, 12, '2015-09-05', 3.84, 3),
(389, 109, '68288', 6, 17, 10, 171.04, 10, '2016-03-08', 2.71, 3),
(390, 385, '07150', 3, 30, 8, 38.23, 18, '2016-02-20', 5, 2),
(391, 147, '45068', 7, 11, 3, 86.58, 12, '2015-03-27', 4.45, 2),
(392, 152, '28370', 5, 27, 1, 165.31, 16, '2015-12-05', 0.78, 2),
(393, 509, '56823', 8, 14, 2, 92.67, 14, '2016-03-22', 4.58, 4),
(394, 350, '38005', 10, 30, 2, 62.14, 17, '2015-08-27', 9.49, 4),
(395, 335, '30605', 6, 27, 7, 140.1, 18, '2015-03-08', 0.54, 5),
(396, 121, '11660', 6, 8, 2, 135.28, 10, '2016-10-30', 7.47, 3),
(397, 174, '16333', 4, 17, 3, 73.22, 15, '2016-11-22', 0.9, 2),
(398, 50, '59983', 3, 7, 8, 128.36, 14, '2015-08-06', 2.07, 4),
(399, 297, '90615', 5, 18, 6, 23.2, 20, '2016-12-08', 3.27, 5),
(400, 238, '45318', 7, 29, 9, 33.8, 11, '2016-11-17', 1.91, 3),
(401, 137, '91387', 1, 28, 10, 57.34, 13, '2015-05-27', 9.45, 4),
(402, 28, '28078', 4, 26, 5, 36.96, 13, '2015-03-29', 1.54, 4),
(403, 461, '96976', 7, 19, 10, 92.54, 11, '2016-09-27', 3.19, 3),
(404, 295, '32654', 2, 9, 4, 184.79, 10, '2016-06-16', 5.97, 5),
(405, 334, '89997', 2, 8, 9, 161.04, 14, '2016-10-03', 2.26, 1),
(406, 80, '95514', 9, 18, 7, 93.08, 15, '2016-06-08', 0.46, 5),
(407, 331, '89151', 8, 8, 8, 81.88, 11, '2016-12-19', 9.75, 1),
(408, 592, '17817', 10, 22, 3, 139.92, 14, '2016-08-16', 1.89, 1),
(409, 39, '29600', 7, 7, 5, 143.81, 19, '2016-03-09', 0.06, 2),
(410, 41, '57867', 2, 11, 4, 24.74, 13, '2015-09-23', 7.17, 4),
(411, 561, '62265', 2, 18, 3, 50.84, 16, '2016-08-11', 4.12, 5),
(412, 316, '45068', 8, 9, 9, 102.02, 13, '2015-03-02', 7.26, 1),
(413, 84, '37550', 2, 22, 2, 150.44, 13, '2015-04-06', 9.89, 5),
(414, 121, '07620', 8, 26, 8, 47.88, 10, '2015-06-19', 4.05, 1),
(415, 126, '79445', 3, 27, 7, 141.36, 10, '2016-05-14', 7.4, 1),
(416, 151, '26248', 10, 7, 8, 159.7, 20, '2015-06-10', 6.44, 4),
(417, 28, '81383', 9, 26, 8, 78.51, 16, '2015-11-28', 7.37, 2),
(418, 252, '33358', 4, 11, 1, 152.81, 11, '2015-01-06', 5.02, 1),
(419, 151, '95939', 5, 23, 6, 175.33, 11, '2015-07-25', 3.15, 2),
(420, 8, '01260', 6, 10, 1, 167.78, 13, '2015-04-09', 1.99, 3),
(421, 585, '59784', 10, 11, 5, 57.25, 10, '2015-12-31', 4.53, 5),
(422, 287, '64956', 9, 11, 9, 59.72, 14, '2016-01-22', 9.65, 2),
(423, 234, '16834', 9, 9, 6, 137.28, 18, '2015-04-23', 6.75, 5),
(424, 562, '46632', 4, 16, 4, 80.03, 15, '2015-10-08', 0.47, 1),
(425, 461, '83449', 6, 15, 6, 85.88, 14, '2016-01-24', 4.21, 5),
(426, 366, '66382', 5, 25, 10, 155.21, 18, '2016-07-20', 3.22, 1),
(427, 27, '19756', 1, 24, 2, 189.53, 11, '2015-02-05', 3.45, 1),
(428, 11, '39206', 2, 8, 10, 88.79, 15, '2015-05-26', 6.24, 5),
(429, 44, '62217', 8, 14, 9, 28.25, 16, '2015-03-26', 0.21, 3),
(430, 349, '38950', 3, 29, 7, 171.69, 20, '2015-07-27', 6.25, 2),
(431, 328, '20001', 8, 23, 8, 24.72, 20, '2015-04-25', 3.08, 4),
(432, 469, '50226', 6, 17, 7, 63.73, 19, '2016-04-02', 2.8, 5),
(433, 354, '01413', 10, 6, 6, 178.13, 15, '2015-12-28', 6.02, 3),
(434, 465, '92571', 5, 17, 4, 72.54, 16, '2016-02-27', 6.04, 3),
(435, 231, '56707', 3, 24, 10, 197.54, 17, '2015-10-29', 7.26, 3),
(436, 431, '87907', 5, 25, 5, 77.03, 19, '2015-03-18', 9.61, 4),
(437, 466, '91047', 8, 16, 5, 92.3, 14, '2016-01-09', 8.27, 4),
(438, 405, '86052', 8, 29, 7, 56.01, 20, '2015-02-10', 2.52, 2),
(439, 422, '26745', 6, 21, 9, 12.85, 13, '2015-04-10', 6.31, 3),
(440, 206, '43669', 4, 7, 9, 165.75, 12, '2016-08-01', 1.38, 1),
(441, 48, '73102', 3, 29, 10, 101.83, 20, '2016-09-28', 5.88, 2),
(442, 76, '71097', 2, 18, 5, 69.19, 16, '2016-04-09', 1.73, 5),
(443, 203, '30407', 10, 30, 7, 116.78, 19, '2016-04-22', 8.01, 4),
(444, 473, '04173', 3, 14, 4, 134.94, 17, '2015-07-10', 3.48, 1),
(445, 568, '38840', 1, 29, 10, 150.76, 19, '2015-12-31', 6.83, 5),
(446, 22, '79540', 6, 10, 1, 123.4, 15, '2016-02-20', 7.41, 4),
(447, 581, '38005', 1, 8, 4, 191.26, 10, '2016-10-16', 9.17, 3),
(448, 78, '63871', 6, 21, 1, 49.89, 15, '2015-08-06', 0.36, 2),
(449, 489, '31361', 2, 10, 6, 141.76, 16, '2016-10-05', 6.75, 1),
(450, 456, '55963', 8, 15, 9, 190.17, 16, '2016-07-11', 5.1, 2),
(451, 596, '33272', 7, 26, 8, 140.2, 12, '2015-12-10', 0.12, 3),
(452, 79, '37308', 1, 24, 10, 121.89, 14, '2015-03-15', 8.34, 4),
(453, 132, '29996', 7, 11, 2, 29.01, 11, '2016-12-06', 4.35, 4),
(454, 239, '77020', 9, 23, 4, 48.86, 18, '2016-02-10', 8.16, 3),
(455, 50, '98345', 7, 21, 2, 160.39, 20, '2016-01-26', 1.97, 2),
(456, 478, '09243', 1, 15, 3, 16.41, 11, '2015-08-25', 0.12, 2),
(457, 389, '98565', 3, 19, 8, 84.77, 19, '2016-11-22', 7.71, 4),
(458, 53, '73804', 9, 26, 5, 73.41, 20, '2016-03-19', 8.64, 3),
(459, 334, '17227', 3, 21, 8, 78.59, 10, '2016-07-28', 7.81, 5),
(460, 553, '70629', 4, 8, 10, 79.26, 13, '2016-10-26', 8.66, 5),
(461, 511, '53295', 8, 16, 7, 146.62, 12, '2016-08-31', 5.21, 1),
(462, 301, '77204', 8, 8, 7, 44.14, 20, '2015-07-24', 3.67, 5),
(463, 537, '69297', 1, 13, 2, 37.84, 13, '2016-11-30', 6.97, 3),
(464, 243, '42816', 5, 26, 6, 17.07, 19, '2016-04-08', 5.6, 5),
(465, 388, '07620', 2, 18, 4, 198.36, 11, '2016-06-30', 7.64, 5),
(466, 567, '81813', 8, 27, 9, 29.12, 17, '2016-05-25', 7.96, 3),
(467, 363, '41502', 1, 17, 9, 49.27, 15, '2016-08-08', 2.02, 3),
(468, 593, '47026', 6, 13, 5, 17.8, 10, '2016-04-17', 4.39, 1),
(469, 562, '05487', 10, 27, 8, 14.52, 15, '2016-08-08', 9.27, 3),
(470, 287, '64472', 1, 18, 4, 163.24, 10, '2015-02-25', 6.42, 1),
(471, 511, '70606', 9, 15, 3, 48.46, 17, '2015-07-03', 1.82, 5),
(472, 215, '85866', 4, 6, 5, 111.64, 16, '2015-09-24', 0.83, 5),
(473, 158, '41534', 5, 29, 3, 154.42, 17, '2016-02-05', 9.93, 2),
(474, 288, '87829', 8, 18, 8, 89.2, 10, '2015-03-11', 6.37, 2),
(475, 246, '05907', 6, 13, 2, 167.94, 15, '2015-02-19', 2.77, 2),
(476, 256, '07116', 3, 20, 4, 19.42, 17, '2016-01-23', 9.73, 3),
(477, 455, '01562', 1, 21, 10, 59.73, 14, '2015-12-09', 4.93, 1),
(478, 452, '16347', 8, 25, 3, 51.22, 14, '2016-04-08', 4.72, 2),
(479, 232, '33358', 1, 24, 1, 27.04, 18, '2016-10-20', 5.03, 5),
(480, 199, '52732', 9, 20, 1, 62.54, 10, '2016-02-26', 3.1, 3),
(481, 223, '69867', 10, 29, 6, 142.58, 20, '2016-03-19', 9.88, 3),
(482, 519, '02500', 7, 26, 4, 47.24, 14, '2016-07-26', 6.08, 1),
(483, 214, '32202', 3, 10, 1, 66.7, 11, '2016-12-08', 3.55, 1),
(484, 47, '21339', 6, 20, 10, 150.26, 16, '2016-12-06', 7.44, 2),
(485, 265, '78453', 2, 25, 7, 77.72, 15, '2016-10-17', 8.51, 4),
(486, 500, '73804', 5, 11, 6, 101.28, 12, '2015-05-03', 2.42, 3),
(487, 427, '30708', 7, 19, 3, 63.9, 16, '2015-01-09', 9.26, 5),
(488, 304, '27613', 7, 22, 1, 42.92, 16, '2016-03-27', 7.11, 3),
(489, 233, '23209', 5, 30, 10, 89.73, 13, '2015-03-19', 4.34, 5),
(490, 336, '32792', 10, 22, 10, 165.56, 11, '2015-04-01', 6.69, 1),
(491, 153, '44572', 9, 13, 7, 64.65, 19, '2016-09-11', 9.95, 3),
(492, 538, '83892', 5, 16, 8, 164.11, 14, '2015-04-15', 6.1, 5),
(493, 322, '29996', 1, 25, 6, 105.83, 15, '2016-10-15', 1.02, 1),
(494, 327, '47026', 7, 20, 9, 144.13, 15, '2016-07-02', 5.38, 1),
(495, 336, '95514', 7, 15, 2, 88.31, 15, '2015-08-01', 4.98, 1),
(496, 574, '10538', 10, 30, 9, 12.22, 14, '2015-05-13', 7.25, 1),
(497, 539, '85866', 6, 28, 6, 131.5, 14, '2015-02-23', 3.99, 1),
(498, 100, '21321', 4, 14, 3, 139.83, 12, '2015-12-07', 0.14, 2),
(499, 359, '53838', 6, 12, 1, 99.49, 20, '2016-01-10', 0.4, 3),
(500, 208, '97792', 4, 25, 4, 185.45, 18, '2015-03-08', 4.75, 3),
(501, 465, '32901', 7, 18, 9, 78.74, 11, '2016-07-01', 1.46, 4),
(502, 364, '76003', 9, 27, 9, 153.79, 14, '2015-10-14', 5.93, 5),
(503, 380, '74247', 3, 26, 7, 33.67, 18, '2016-09-24', 9.06, 5),
(504, 508, '27357', 10, 18, 10, 45.8, 19, '2015-04-23', 2.79, 1),
(505, 234, '47439', 2, 5, 4, 78, 10, '2015-02-12', 2.86, 2),
(506, 461, '49040', 8, 26, 10, 116.08, 12, '2015-07-23', 3.66, 1),
(507, 331, '50345', 6, 19, 6, 32.6, 20, '2015-02-26', 8.87, 4),
(508, 382, '62271', 8, 11, 8, 41.56, 13, '2015-11-14', 1.5, 4),
(509, 79, '66478', 7, 5, 1, 179.22, 17, '2016-03-18', 7.46, 1),
(510, 571, '18772', 6, 25, 1, 155.53, 14, '2015-12-31', 1.58, 2),
(511, 38, '42762', 7, 21, 8, 119.31, 19, '2015-02-11', 7.57, 3),
(512, 260, '77571', 1, 19, 10, 110.82, 16, '2015-05-08', 9.4, 1),
(513, 388, '56823', 9, 8, 4, 95.18, 13, '2015-11-25', 4.07, 2),
(514, 213, '95960', 1, 7, 9, 20.57, 19, '2016-04-19', 8.52, 5),
(515, 41, '31694', 5, 24, 4, 21.82, 17, '2015-09-07', 9.86, 3),
(516, 200, '44227', 6, 11, 9, 98.91, 12, '2015-09-01', 2.85, 5),
(517, 322, '53399', 3, 30, 2, 180.69, 15, '2015-01-13', 8.34, 4),
(518, 574, '85954', 7, 15, 7, 119.78, 17, '2016-06-18', 9.68, 2),
(519, 585, '44669', 5, 24, 9, 117.36, 14, '2015-09-20', 8.48, 4),
(520, 114, '91047', 6, 28, 2, 12.49, 17, '2015-10-27', 7.94, 4),
(521, 402, '49295', 3, 19, 5, 80.8, 11, '2016-11-19', 5.63, 5),
(522, 350, '29910', 7, 19, 7, 144.71, 10, '2016-01-14', 5.08, 3),
(523, 578, '94899', 9, 14, 3, 197.08, 18, '2016-02-06', 9.95, 3),
(524, 66, '72885', 1, 8, 2, 55.04, 10, '2015-03-06', 1.63, 4),
(525, 386, '68288', 6, 14, 10, 170.94, 19, '2015-06-10', 5.04, 4),
(526, 136, '94899', 6, 14, 7, 61.68, 12, '2015-09-02', 9.39, 4),
(527, 109, '64956', 7, 29, 10, 72.42, 14, '2016-04-09', 0, 1),
(528, 458, '31266', 7, 16, 8, 105.5, 10, '2016-08-28', 3.11, 1),
(529, 591, '64956', 6, 30, 5, 96.31, 20, '2015-10-13', 1.37, 4),
(530, 550, '60081', 2, 27, 5, 25.2, 18, '2015-03-17', 8.13, 4),
(531, 488, '06341', 8, 11, 6, 172.44, 20, '2016-02-06', 0.15, 2),
(532, 257, '85982', 2, 20, 8, 132.86, 17, '2015-12-14', 7.23, 5),
(533, 184, '42634', 10, 9, 8, 12.65, 17, '2015-06-22', 8.65, 3),
(534, 91, '86052', 9, 14, 1, 36.76, 17, '2015-12-18', 4.47, 5),
(535, 446, '81003', 4, 27, 6, 178.45, 12, '2014-12-31', 0.28, 2),
(536, 44, '64088', 5, 14, 5, 11.53, 13, '2016-08-20', 0.52, 3),
(537, 194, '30708', 7, 17, 10, 141.23, 12, '2015-09-02', 6.89, 4),
(538, 57, '54618', 4, 15, 6, 109.29, 20, '2015-02-08', 8.45, 5),
(539, 73, '38501', 1, 7, 6, 94.53, 15, '2016-04-21', 8.44, 5),
(540, 403, '18325', 5, 24, 1, 26.68, 15, '2015-08-31', 2.38, 5),
(541, 432, '21321', 4, 24, 3, 106.82, 13, '2016-01-26', 4.32, 4),
(542, 159, '74891', 4, 17, 1, 10.88, 15, '2016-05-27', 6.39, 2),
(543, 413, '71097', 3, 17, 9, 199.46, 10, '2016-11-17', 8.61, 1),
(544, 199, '53781', 5, 25, 10, 30.12, 11, '2016-01-23', 4.41, 1),
(545, 507, '60473', 5, 25, 3, 132.39, 15, '2015-09-04', 2.48, 4),
(546, 550, '47026', 1, 29, 2, 65.98, 18, '2016-04-02', 2.95, 1),
(547, 356, '87907', 9, 7, 1, 18.7, 19, '2015-04-21', 0.31, 4),
(548, 83, '36963', 3, 14, 4, 34.68, 17, '2016-06-04', 4.53, 3),
(549, 340, '62271', 5, 13, 9, 129.92, 19, '2015-09-19', 7.55, 2),
(550, 404, '90750', 3, 11, 6, 115.73, 16, '2015-11-10', 8.43, 3),
(551, 223, '46212', 3, 19, 2, 73.21, 19, '2016-11-16', 0.15, 1),
(552, 471, '30605', 5, 12, 6, 123.24, 20, '2015-11-28', 5.97, 2),
(553, 111, '04173', 1, 9, 7, 66.42, 19, '2016-04-06', 8.61, 5),
(554, 545, '44669', 6, 29, 10, 169.67, 12, '2016-08-06', 5.73, 5),
(555, 456, '79117', 10, 21, 8, 82.69, 20, '2016-11-11', 6.32, 2),
(556, 29, '57867', 8, 15, 2, 115.81, 17, '2016-11-16', 1.83, 4),
(557, 360, '19634', 10, 25, 7, 153.17, 20, '2015-08-23', 0.25, 5),
(558, 569, '98938', 1, 6, 1, 50.09, 15, '2016-02-23', 6.88, 5),
(559, 401, '34066', 8, 9, 6, 121.71, 17, '2015-06-11', 5.76, 4),
(560, 353, '99381', 3, 9, 8, 33.51, 18, '2015-02-12', 8.28, 2),
(561, 93, '25586', 8, 30, 4, 50.29, 12, '2015-10-18', 4.6, 2),
(562, 390, '15802', 6, 29, 5, 104.42, 10, '2016-05-02', 4.51, 4),
(563, 71, '95462', 1, 13, 6, 32.85, 11, '2015-01-08', 7.12, 1),
(564, 384, '61251', 5, 20, 7, 137.92, 16, '2016-07-02', 5.66, 2),
(565, 88, '45068', 6, 21, 10, 126.42, 16, '2016-01-31', 7.58, 2),
(566, 583, '80695', 2, 12, 10, 19.35, 17, '2016-01-11', 9.93, 5),
(567, 319, '11006', 2, 23, 9, 186.53, 17, '2015-02-19', 9.32, 2),
(568, 341, '62219', 3, 22, 4, 53.83, 18, '2016-04-04', 8.68, 3),
(569, 316, '52571', 6, 24, 1, 161.51, 20, '2015-07-22', 9.42, 5),
(570, 4, '94016', 8, 16, 8, 192.6, 17, '2015-05-06', 5.53, 5),
(571, 264, '05304', 5, 6, 9, 120.34, 16, '2015-10-02', 2.83, 1),
(572, 481, '54562', 9, 17, 10, 189.64, 17, '2016-09-26', 4.06, 5),
(573, 116, '94372', 5, 8, 3, 182.56, 18, '2015-09-10', 9.98, 5),
(574, 296, '60853', 9, 22, 5, 52.42, 11, '2016-01-17', 7.59, 3),
(575, 364, '89997', 9, 9, 7, 59.99, 11, '2015-06-15', 4.58, 3),
(576, 108, '71097', 3, 19, 5, 140.6, 12, '2016-05-30', 8.91, 3),
(577, 491, '32792', 3, 16, 6, 40.69, 12, '2015-03-19', 1.4, 1),
(578, 305, '65256', 1, 22, 10, 15.52, 13, '2015-10-25', 5.38, 4),
(579, 243, '41502', 3, 27, 5, 183.31, 19, '2016-02-01', 5.06, 1),
(580, 496, '43227', 10, 13, 3, 136.16, 18, '2015-12-28', 2.89, 3),
(581, 26, '95939', 8, 20, 4, 66.47, 11, '2016-05-18', 1.53, 1),
(582, 247, '34602', 4, 27, 9, 41.58, 13, '2015-05-26', 3.48, 2),
(583, 375, '78758', 4, 13, 5, 90.05, 16, '2015-11-21', 1.91, 2),
(584, 485, '25974', 1, 14, 9, 119.2, 17, '2015-12-20', 5.35, 4),
(585, 43, '71902', 8, 13, 4, 128.52, 13, '2016-10-21', 6.06, 3),
(586, 554, '94643', 2, 16, 4, 29.2, 20, '2015-02-27', 0.23, 3),
(587, 328, '88469', 5, 16, 5, 104.93, 15, '2016-06-28', 5.85, 1),
(588, 366, '32654', 2, 9, 2, 174.7, 10, '2016-03-22', 6.88, 4),
(589, 426, '70119', 8, 27, 10, 20.94, 20, '2015-11-02', 3.74, 5),
(590, 314, '88863', 6, 15, 8, 194.23, 17, '2015-01-04', 5.65, 3),
(591, 376, '70629', 10, 27, 4, 93.12, 13, '2016-04-17', 0.86, 5),
(592, 171, '36963', 2, 18, 5, 167.09, 11, '2015-05-12', 3.65, 3),
(593, 358, '18772', 8, 8, 6, 51.81, 20, '2015-05-09', 3.63, 1),
(594, 199, '51263', 3, 30, 1, 24.47, 13, '2016-07-24', 4.28, 1),
(595, 246, '59983', 5, 10, 10, 142.06, 17, '2015-05-08', 3.32, 2),
(596, 474, '30407', 9, 20, 2, 61.29, 20, '2016-06-11', 6.13, 2),
(597, 371, '43669', 5, 29, 6, 145.95, 12, '2015-02-03', 8.08, 3),
(598, 52, '94227', 4, 23, 8, 188.51, 12, '2015-10-27', 2.58, 4),
(599, 53, '25974', 9, 22, 7, 191.89, 15, '2015-07-20', 7.35, 2),
(600, 531, '85147', 4, 18, 5, 62.22, 15, '2015-06-11', 0.18, 5),
(601, 159, '66155', 9, 16, 5, 103.68, 17, '2016-08-03', 8.27, 2),
(602, 113, '87219', 4, 15, 9, 57.03, 16, '2016-12-24', 7.55, 4),
(603, 283, '64744', 4, 17, 10, 87.99, 18, '2016-03-16', 6.68, 4),
(604, 67, '79415', 10, 23, 3, 71.47, 19, '2016-09-10', 2.03, 4),
(605, 518, '32334', 6, 23, 10, 102.38, 19, '2016-10-19', 4.77, 1),
(606, 474, '09126', 10, 18, 3, 114.94, 12, '2016-11-15', 5.67, 2),
(607, 204, '63871', 1, 18, 5, 169.36, 19, '2016-10-20', 7.68, 4),
(608, 501, '00653', 7, 14, 10, 65.23, 13, '2016-04-21', 1.98, 4),
(609, 587, '14621', 6, 15, 6, 174.48, 12, '2015-03-18', 1.01, 4),
(610, 538, '72789', 9, 5, 5, 53.62, 12, '2016-01-06', 1.09, 4),
(611, 91, '16347', 3, 23, 9, 23.26, 18, '2016-12-25', 5.82, 1),
(612, 45, '22523', 7, 13, 10, 93.76, 15, '2015-02-27', 4.69, 4),
(613, 471, '52571', 4, 27, 3, 195.72, 20, '2015-01-11', 9.3, 1),
(614, 551, '72885', 9, 17, 6, 82.65, 20, '2015-07-18', 4.84, 1),
(615, 461, '70535', 5, 26, 6, 49.91, 13, '2015-08-19', 9.29, 2),
(616, 382, '93495', 4, 21, 10, 179.66, 15, '2016-08-15', 3.76, 3),
(617, 389, '06816', 5, 25, 9, 38.32, 15, '2016-08-25', 5.77, 4),
(618, 276, '27613', 2, 5, 4, 181.22, 20, '2016-06-16', 4.15, 4),
(619, 167, '09336', 10, 23, 3, 72.1, 20, '2016-10-31', 0.11, 1),
(620, 514, '93329', 10, 29, 3, 144.38, 13, '2016-06-15', 4.36, 4),
(621, 537, '07150', 9, 18, 8, 64.63, 14, '2015-06-25', 0.73, 3),
(622, 96, '34237', 7, 14, 4, 61.33, 13, '2015-09-04', 8.9, 4),
(623, 199, '84085', 4, 13, 3, 39.44, 14, '2015-09-14', 0.98, 4),
(624, 47, '12482', 9, 28, 4, 41.3, 19, '2016-08-07', 0.65, 2),
(625, 366, '09925', 9, 18, 8, 140.11, 12, '2015-07-04', 8.09, 5),
(626, 587, '37308', 3, 7, 5, 161.41, 19, '2016-05-27', 6.61, 5),
(627, 246, '10447', 9, 6, 2, 132.45, 14, '2015-07-15', 6.11, 1),
(628, 335, '58787', 10, 16, 4, 111.87, 13, '2016-09-02', 2.99, 3),
(629, 74, '87711', 6, 16, 8, 77.9, 15, '2015-01-12', 2.48, 3),
(630, 186, '46212', 8, 22, 5, 14.48, 15, '2016-04-04', 6.29, 5),
(631, 11, '07620', 9, 30, 5, 125.85, 14, '2015-12-12', 4.33, 1),
(632, 465, '49040', 3, 9, 10, 177.97, 14, '2016-12-09', 2.88, 5),
(633, 154, '79341', 2, 11, 3, 68.62, 15, '2015-09-19', 3.98, 2),
(634, 544, '52767', 3, 26, 1, 16.92, 18, '2015-02-21', 0.55, 5),
(635, 509, '38681', 7, 9, 2, 119.67, 16, '2015-03-12', 9.82, 1),
(636, 527, '17817', 1, 14, 10, 181.89, 20, '2015-04-09', 0.71, 1),
(637, 580, '14395', 1, 19, 8, 73.21, 14, '2015-01-08', 2.9, 4),
(638, 322, '47477', 8, 22, 1, 172.95, 19, '2015-08-08', 5.29, 5),
(639, 577, '90476', 4, 7, 7, 154.46, 16, '2015-03-11', 5.17, 1),
(640, 421, '86052', 10, 7, 4, 197.65, 14, '2015-11-28', 8.92, 2),
(641, 236, '89151', 6, 26, 6, 194.1, 14, '2016-02-14', 6.99, 1),
(642, 391, '38965', 3, 29, 7, 71.34, 18, '2016-11-30', 9.01, 1),
(643, 10, '05760', 2, 6, 3, 116.59, 14, '2015-05-19', 1.37, 2),
(644, 134, '80791', 2, 9, 3, 63.94, 11, '2015-05-05', 2.46, 4),
(645, 576, '95960', 1, 7, 9, 13.39, 16, '2015-10-04', 2.87, 2),
(646, 123, '17817', 7, 14, 7, 82.31, 16, '2016-05-27', 8.25, 1),
(647, 78, '26248', 9, 27, 7, 178.72, 16, '2015-06-29', 0.73, 4),
(648, 68, '55328', 6, 24, 7, 72.15, 16, '2015-07-20', 7.57, 1),
(649, 292, '94535', 10, 13, 6, 23.79, 19, '2016-12-15', 5.02, 2),
(650, 533, '31878', 2, 29, 5, 163.26, 14, '2016-08-19', 8.11, 3),
(651, 285, '71872', 2, 15, 10, 34.51, 12, '2016-12-14', 4.06, 1),
(652, 11, '22281', 9, 7, 1, 39.15, 19, '2015-09-01', 8.68, 2),
(653, 599, '30708', 10, 29, 4, 30.69, 18, '2016-03-09', 4.58, 1),
(654, 520, '04109', 5, 28, 8, 133.18, 16, '2015-08-01', 0.74, 4),
(655, 582, '86052', 9, 12, 9, 107.48, 19, '2015-07-25', 0.99, 4),
(656, 278, '66458', 3, 16, 3, 143.58, 14, '2016-01-21', 9.86, 3),
(657, 130, '69276', 9, 5, 3, 114.03, 18, '2016-04-12', 0.8, 4),
(658, 482, '64956', 9, 7, 5, 97.21, 10, '2016-11-30', 9.98, 2),
(659, 94, '10323', 6, 28, 3, 137.69, 12, '2015-10-20', 8, 1),
(660, 483, '79312', 8, 17, 9, 97.16, 13, '2015-01-23', 6.93, 2),
(661, 230, '29386', 9, 9, 8, 192.94, 13, '2016-06-29', 7.54, 5),
(662, 504, '21395', 10, 19, 4, 55.91, 20, '2016-02-12', 9.19, 4),
(663, 495, '04109', 1, 8, 6, 108.82, 15, '2016-08-07', 0.99, 5),
(664, 251, '40976', 4, 26, 10, 21.37, 13, '2015-05-17', 3, 4),
(665, 489, '27206', 2, 18, 3, 124.54, 19, '2015-04-21', 3.1, 2),
(666, 339, '07116', 5, 15, 4, 138.99, 17, '2015-09-02', 9.81, 3),
(667, 447, '57481', 9, 24, 1, 34.43, 20, '2015-11-23', 6.58, 5),
(668, 165, '38965', 5, 7, 8, 141.66, 15, '2015-08-13', 4.8, 5),
(669, 326, '26745', 2, 11, 5, 95.36, 14, '2015-08-25', 6.61, 3),
(670, 538, '66382', 5, 5, 6, 52.87, 17, '2016-10-13', 5.04, 1),
(671, 214, '42762', 2, 29, 5, 192.8, 17, '2016-11-04', 6.84, 2),
(672, 385, '64490', 10, 7, 2, 65.37, 15, '2016-05-25', 5.9, 3),
(673, 296, '70766', 4, 28, 9, 59.63, 11, '2015-05-20', 0.04, 3),
(674, 573, '87150', 10, 21, 4, 169.84, 13, '2015-03-11', 0.33, 5),
(675, 352, '21395', 9, 24, 5, 166.19, 15, '2016-08-03', 7.28, 1),
(676, 520, '83381', 6, 30, 1, 40.41, 16, '2016-03-04', 7.03, 3),
(677, 403, '03814', 2, 7, 8, 35.43, 14, '2016-09-29', 8.64, 5),
(678, 47, '21395', 6, 10, 9, 10.6, 13, '2015-01-21', 2.36, 5),
(679, 548, '44249', 9, 10, 1, 14.92, 14, '2015-05-28', 6.64, 2),
(680, 503, '59682', 3, 20, 4, 75.78, 10, '2016-09-11', 6.79, 5),
(681, 214, '14735', 8, 6, 6, 28.69, 19, '2016-04-26', 2.84, 2),
(682, 19, '61322', 1, 8, 7, 108.89, 20, '2016-02-14', 6.93, 5),
(683, 114, '17817', 3, 25, 1, 187.36, 16, '2015-10-28', 0.26, 5),
(684, 74, '65147', 8, 7, 3, 195.98, 20, '2015-07-24', 6.8, 4),
(685, 28, '30605', 8, 30, 10, 165.1, 19, '2016-06-22', 5.72, 2),
(686, 202, '70827', 1, 11, 8, 25.3, 16, '2016-08-20', 3.53, 1),
(687, 514, '53780', 6, 26, 1, 59.33, 17, '2015-06-14', 8.49, 5),
(688, 280, '26908', 3, 5, 9, 43.79, 14, '2016-09-24', 0.44, 1),
(689, 371, '19569', 2, 5, 2, 86.85, 16, '2015-12-06', 2.41, 2),
(690, 443, '17416', 9, 10, 2, 126.58, 19, '2016-07-01', 0.5, 1),
(691, 408, '61194', 7, 7, 10, 113.92, 18, '2015-11-09', 4.72, 1),
(692, 52, '31266', 2, 24, 5, 167.88, 14, '2016-03-17', 0.67, 3),
(693, 196, '46632', 10, 26, 2, 77.61, 15, '2016-08-31', 1.49, 5),
(694, 2, '60585', 6, 28, 5, 112.96, 20, '2016-11-12', 3.4, 1),
(695, 587, '26808', 5, 24, 7, 24.54, 11, '2015-02-12', 2.11, 1),
(696, 351, '36525', 7, 7, 3, 18.38, 19, '2016-09-30', 3.03, 1),
(697, 363, '62028', 6, 13, 7, 120.95, 11, '2015-07-06', 2.95, 4),
(698, 284, '70119', 2, 14, 3, 19.93, 10, '2016-04-11', 8.42, 2),
(699, 516, '83449', 4, 15, 5, 83.04, 19, '2015-03-26', 8.99, 2),
(700, 88, '90524', 5, 28, 10, 39.64, 13, '2015-03-01', 7.56, 2),
(701, 485, '80791', 7, 11, 4, 179.47, 14, '2016-05-25', 2.9, 3),
(702, 426, '46212', 2, 24, 2, 167.16, 13, '2015-04-21', 9.27, 3),
(703, 412, '10323', 10, 29, 1, 19.64, 19, '2016-02-22', 9.92, 1),
(704, 549, '81522', 1, 13, 8, 14.99, 17, '2016-03-03', 0.28, 1),
(705, 435, '18772', 1, 18, 3, 111.11, 11, '2015-02-10', 3.57, 1),
(706, 192, '29996', 5, 7, 9, 169.21, 11, '2015-06-12', 3.69, 5),
(707, 97, '31694', 9, 13, 8, 113.8, 12, '2016-04-18', 2.42, 3),
(708, 34, '83973', 2, 30, 6, 91.85, 10, '2016-06-25', 8.51, 4),
(709, 358, '22277', 2, 23, 6, 56.35, 13, '2016-06-25', 7.71, 4),
(710, 351, '89293', 3, 30, 2, 141.17, 20, '2016-11-12', 7.26, 5),
(711, 556, '52767', 8, 29, 10, 96.87, 11, '2016-01-13', 7.21, 2),
(712, 392, '40191', 5, 8, 10, 129.66, 15, '2016-02-28', 8.46, 5),
(713, 123, '30407', 7, 28, 6, 128.59, 15, '2016-12-05', 2.69, 4),
(714, 247, '10836', 7, 5, 8, 69.96, 13, '2016-05-03', 1.28, 3),
(715, 126, '79656', 4, 26, 3, 27.17, 10, '2015-07-30', 3.91, 5),
(716, 498, '14621', 2, 18, 6, 78.75, 13, '2016-10-14', 1.97, 3),
(717, 315, '74247', 4, 7, 4, 60.37, 17, '2016-08-09', 8.32, 3),
(718, 596, '31361', 4, 10, 6, 195.64, 14, '2015-06-29', 2, 5),
(719, 43, '23401', 1, 15, 10, 78.19, 16, '2015-05-17', 2.39, 4),
(720, 495, '79445', 2, 25, 5, 75.09, 15, '2015-07-21', 6.71, 5),
(721, 532, '20805', 3, 13, 3, 191.47, 13, '2015-10-18', 9.3, 1),
(722, 280, '83381', 3, 27, 9, 156.82, 17, '2015-12-24', 3.79, 5),
(723, 124, '98938', 2, 20, 8, 185.36, 13, '2015-11-24', 2.49, 5),
(724, 502, '30605', 6, 24, 2, 165.16, 13, '2016-02-19', 6.96, 2),
(725, 384, '42195', 5, 5, 9, 110.63, 18, '2015-12-28', 0.77, 2),
(726, 403, '85954', 6, 21, 1, 184.93, 14, '2016-11-05', 8.22, 3),
(727, 259, '68662', 5, 17, 10, 106.95, 16, '2015-11-24', 3.79, 4),
(728, 487, '33813', 3, 30, 4, 56.2, 12, '2016-09-25', 6.77, 4),
(729, 480, '28370', 3, 14, 3, 84.93, 11, '2015-07-04', 0.67, 3),
(730, 106, '26248', 8, 17, 1, 82.8, 18, '2015-10-02', 8.61, 3),
(731, 373, '01562', 2, 18, 8, 98.71, 17, '2016-11-26', 4.16, 4),
(732, 185, '44371', 7, 14, 6, 38.01, 20, '2016-06-03', 0.43, 3),
(733, 576, '50828', 5, 9, 5, 159.78, 18, '2015-01-16', 7.66, 3),
(734, 457, '92081', 1, 19, 1, 134.23, 13, '2016-05-18', 6.17, 2),
(735, 20, '84491', 8, 28, 4, 123.63, 10, '2016-10-13', 4.51, 3),
(736, 183, '14621', 4, 6, 9, 125.49, 12, '2015-08-30', 2.36, 3),
(737, 472, '25719', 8, 26, 1, 66.15, 16, '2016-05-24', 2.01, 4),
(738, 245, '05487', 8, 21, 2, 22.79, 15, '2016-10-28', 0.81, 2),
(739, 16, '54562', 9, 8, 2, 75.54, 20, '2015-10-30', 9.26, 5),
(740, 33, '47565', 4, 5, 1, 199.2, 19, '2016-07-23', 7.58, 2),
(741, 246, '34157', 3, 27, 1, 140.69, 19, '2016-10-09', 9.45, 2),
(742, 179, '42816', 3, 12, 10, 89.61, 10, '2016-01-07', 8.59, 5),
(743, 459, '62265', 6, 17, 2, 135.19, 18, '2015-04-27', 1.67, 5),
(744, 358, '83093', 8, 23, 1, 143.6, 18, '2015-11-06', 0.47, 4),
(745, 131, '26374', 10, 29, 9, 87.72, 16, '2015-09-15', 3.42, 2),
(746, 84, '01425', 7, 16, 3, 116.58, 18, '2015-02-01', 7.71, 2),
(747, 203, '14694', 10, 6, 5, 157.82, 20, '2015-09-19', 7.51, 3),
(748, 481, '53780', 3, 23, 9, 37.17, 15, '2015-12-19', 4.29, 4),
(749, 369, '21956', 6, 13, 1, 133.51, 16, '2015-09-02', 9.72, 1),
(750, 410, '31269', 1, 28, 4, 45.51, 16, '2016-02-08', 6.77, 3),
(751, 590, '63871', 9, 10, 4, 103.38, 10, '2016-03-30', 9.18, 5),
(752, 309, '44249', 2, 25, 2, 183.34, 13, '2016-09-11', 1.28, 2),
(753, 307, '81383', 6, 17, 10, 119.18, 19, '2015-03-06', 5.47, 5),
(754, 97, '43236', 8, 14, 2, 36.64, 12, '2016-09-04', 5.35, 5),
(755, 598, '21956', 4, 24, 4, 84.37, 10, '2016-07-17', 6.32, 2),
(756, 19, '99381', 6, 14, 1, 62.27, 11, '2015-03-21', 5, 2),
(757, 264, '93495', 9, 11, 3, 130.81, 20, '2015-10-22', 9.46, 2),
(758, 451, '43923', 4, 10, 5, 39.81, 10, '2015-01-02', 1.78, 1),
(759, 473, '62217', 10, 25, 1, 86.18, 12, '2016-06-24', 7.77, 5),
(760, 110, '80079', 1, 7, 6, 83.42, 11, '2016-11-01', 4.99, 4),
(761, 142, '16747', 5, 24, 6, 86.99, 10, '2016-09-03', 8.65, 2),
(762, 117, '76023', 4, 23, 10, 174.12, 11, '2016-07-15', 3.15, 2),
(763, 399, '89549', 10, 9, 5, 108.53, 16, '2015-07-18', 0.12, 2),
(764, 127, '93329', 5, 29, 7, 71.76, 16, '2016-05-30', 9.76, 1),
(765, 256, '97770', 7, 7, 3, 138.97, 13, '2015-01-15', 8.79, 1),
(766, 467, '93880', 8, 16, 3, 64.86, 17, '2015-06-24', 2.28, 4),
(767, 349, '10807', 5, 8, 3, 126.22, 14, '2016-10-07', 2.37, 1),
(768, 2, '21363', 5, 21, 10, 136.13, 13, '2016-03-12', 6.88, 2),
(769, 448, '96976', 4, 25, 4, 98.71, 14, '2015-11-04', 9.61, 2),
(770, 313, '11688', 9, 10, 4, 26.97, 13, '2016-06-09', 6.56, 3),
(771, 392, '69572', 3, 19, 7, 92.7, 10, '2016-01-02', 6.35, 2),
(772, 237, '54562', 6, 12, 7, 153.85, 15, '2016-03-21', 6.89, 2),
(773, 49, '09245', 1, 8, 5, 89.17, 10, '2015-06-10', 7.02, 1),
(774, 590, '20816', 1, 14, 7, 13.35, 10, '2015-03-30', 6.81, 2),
(775, 299, '23778', 5, 11, 5, 95.53, 17, '2016-04-16', 2.85, 5),
(776, 196, '01413', 9, 6, 8, 106.46, 14, '2016-02-19', 3.81, 3),
(777, 63, '25426', 8, 30, 9, 142.07, 14, '2016-05-20', 3.62, 2),
(778, 281, '51263', 3, 11, 2, 85.34, 19, '2015-12-25', 6.19, 5),
(779, 33, '84883', 8, 9, 7, 167.9, 11, '2016-04-23', 4.68, 1),
(780, 308, '76854', 5, 28, 7, 169.55, 11, '2015-05-10', 3.97, 2),
(781, 345, '17227', 7, 5, 2, 120.78, 20, '2015-12-06', 1.76, 3),
(782, 177, '85147', 2, 19, 9, 192.26, 19, '2015-01-14', 1.17, 2),
(783, 445, '69867', 5, 7, 9, 12.8, 10, '2015-05-14', 2.78, 4),
(784, 39, '63845', 3, 9, 10, 143.41, 18, '2016-03-25', 5.92, 1),
(785, 485, '29600', 2, 11, 2, 88.31, 16, '2015-06-13', 3.45, 3),
(786, 412, '68031', 7, 5, 4, 166.96, 12, '2015-03-18', 8.26, 4),
(787, 352, '49226', 8, 30, 10, 171.8, 18, '2015-01-07', 1.86, 3),
(788, 5, '64744', 3, 19, 4, 78.45, 18, '2015-01-19', 0.33, 3),
(789, 411, '89729', 5, 30, 4, 78.77, 19, '2016-05-07', 2.17, 2),
(790, 191, '42195', 2, 9, 1, 192.2, 13, '2016-05-30', 0.35, 1),
(791, 576, '56784', 5, 21, 10, 130.57, 18, '2016-04-06', 0.49, 1);
INSERT INTO `invoiceitem` (`invoiceItemID`, `invoiceID`, `productID`, `packSize`, `quantity`, `free`, `price`, `margin`, `expireDate`, `discount`, `sold`) VALUES
(792, 426, '06816', 8, 11, 4, 194.46, 16, '2016-02-19', 7.43, 4),
(793, 63, '22015', 2, 6, 3, 65.23, 20, '2015-06-25', 8.97, 1),
(794, 130, '21363', 7, 19, 2, 84.47, 11, '2016-03-12', 3.35, 3),
(795, 485, '49447', 1, 21, 4, 155.2, 20, '2016-12-04', 0.43, 4),
(796, 129, '72789', 10, 24, 1, 124.37, 18, '2015-07-02', 7.7, 5),
(797, 531, '91292', 2, 5, 9, 97.11, 20, '2016-04-21', 9.54, 1),
(798, 492, '66494', 4, 9, 3, 126.36, 16, '2016-09-08', 9.61, 3),
(799, 38, '43334', 9, 12, 3, 173.15, 15, '2015-03-31', 1.79, 2),
(800, 411, '12482', 7, 19, 2, 198.69, 18, '2015-04-25', 2.78, 5),
(801, 451, '33695', 9, 28, 3, 130.54, 13, '2016-04-09', 4.2, 3),
(802, 122, '81003', 7, 25, 7, 116.46, 13, '2015-02-12', 9.33, 3),
(803, 574, '30407', 2, 11, 4, 84.38, 19, '2015-12-04', 5.53, 1),
(804, 349, '26046', 6, 14, 1, 180.79, 13, '2016-06-13', 6.68, 3),
(805, 423, '38950', 6, 12, 5, 10.28, 18, '2016-02-26', 8.62, 2),
(806, 432, '99055', 1, 23, 4, 166.13, 17, '2015-06-03', 2.53, 2),
(807, 411, '84491', 10, 30, 3, 192.5, 14, '2016-08-13', 1.95, 4),
(808, 228, '83145', 6, 10, 4, 14.62, 14, '2015-07-07', 9.55, 3),
(809, 173, '34066', 8, 9, 4, 180.12, 17, '2015-12-16', 2.96, 1),
(810, 155, '94716', 6, 5, 3, 71.69, 13, '2015-12-20', 4.15, 4),
(811, 592, '88618', 1, 5, 6, 21.66, 18, '2016-06-06', 9.09, 1),
(812, 361, '79341', 8, 22, 10, 68.07, 16, '2015-12-27', 9.15, 2),
(813, 517, '59463', 6, 21, 7, 160.09, 18, '2016-01-03', 9.19, 2),
(814, 516, '36555', 2, 14, 7, 97.74, 10, '2016-01-10', 2.43, 3),
(815, 135, '67893', 4, 24, 5, 185.09, 16, '2015-04-04', 8.36, 3),
(816, 284, '33245', 7, 14, 4, 23.23, 14, '2015-08-21', 2.78, 2),
(817, 209, '71097', 4, 20, 3, 38.36, 20, '2015-05-28', 0.59, 4),
(818, 158, '61601', 6, 8, 1, 125.9, 16, '2015-01-29', 4.3, 4),
(819, 582, '00371', 2, 30, 6, 199.27, 13, '2015-10-16', 8.8, 1),
(820, 78, '82735', 9, 24, 2, 122.27, 17, '2015-07-25', 7.21, 4),
(821, 170, '59682', 9, 24, 1, 54.41, 17, '2016-09-03', 1.24, 3),
(822, 285, '42426', 2, 26, 8, 128.87, 20, '2015-06-28', 2.01, 3),
(823, 294, '29719', 6, 6, 5, 99.12, 15, '2015-08-09', 0.86, 2),
(824, 209, '67061', 3, 12, 10, 186.34, 19, '2015-12-02', 4.44, 2),
(825, 553, '55222', 5, 16, 7, 56.07, 20, '2015-11-19', 8.1, 3),
(826, 454, '17048', 5, 17, 1, 146.93, 14, '2016-02-13', 4.27, 5),
(827, 57, '05907', 6, 20, 8, 92.11, 13, '2016-10-14', 6.52, 5),
(828, 438, '60081', 5, 21, 2, 53.62, 16, '2016-10-02', 8.35, 4),
(829, 532, '84585', 8, 26, 6, 179.92, 20, '2016-01-31', 1.44, 3),
(830, 70, '67518', 6, 25, 10, 85.5, 19, '2016-01-17', 1.99, 1),
(831, 331, '20805', 9, 13, 4, 169.17, 20, '2016-05-09', 8.91, 4),
(832, 301, '28689', 5, 27, 5, 173.84, 11, '2016-09-21', 9.13, 4),
(833, 231, '09065', 8, 18, 1, 195.2, 10, '2016-07-23', 9.26, 4),
(834, 235, '42762', 9, 12, 4, 185.07, 12, '2015-07-12', 7.5, 5),
(835, 88, '77146', 2, 17, 4, 159.42, 15, '2016-09-10', 6.33, 2),
(836, 86, '66382', 1, 7, 1, 162.57, 16, '2016-03-23', 6.09, 3),
(837, 575, '92142', 3, 26, 10, 141.05, 13, '2015-08-14', 0.93, 3),
(838, 504, '64744', 7, 25, 1, 52.41, 18, '2015-07-13', 1.01, 5),
(839, 580, '95514', 5, 25, 4, 33.58, 20, '2015-09-06', 1.12, 2),
(840, 248, '09336', 6, 14, 6, 40.56, 10, '2014-12-28', 2.57, 5),
(841, 212, '04364', 2, 23, 10, 93.03, 14, '2015-01-24', 2.3, 1),
(842, 478, '34628', 9, 18, 6, 178.1, 17, '2015-06-22', 7.2, 3),
(843, 540, '52732', 7, 20, 8, 117.93, 16, '2015-12-15', 5.18, 3),
(844, 9, '73804', 3, 17, 8, 129.84, 12, '2015-05-02', 1.56, 3),
(845, 382, '31878', 2, 20, 3, 98.08, 16, '2016-12-04', 1.57, 1),
(846, 30, '88618', 7, 21, 9, 148.11, 16, '2016-02-09', 7.97, 3),
(847, 352, '96135', 7, 13, 10, 119.12, 13, '2015-08-31', 7.84, 4),
(848, 385, '79415', 10, 8, 2, 81.3, 15, '2016-04-13', 2.79, 3),
(849, 301, '58574', 6, 24, 1, 100.51, 14, '2015-01-15', 3.84, 2),
(850, 204, '23778', 1, 15, 10, 53.79, 11, '2016-03-22', 2.5, 4),
(851, 457, '48864', 7, 15, 5, 34.04, 13, '2016-10-07', 0, 3),
(852, 128, '95462', 3, 21, 9, 164.72, 11, '2016-07-11', 3.49, 2),
(853, 203, '32334', 7, 6, 7, 38.19, 19, '2016-08-16', 1.68, 1),
(854, 109, '10323', 4, 17, 10, 13.15, 15, '2015-01-07', 0, 3),
(855, 437, '54125', 4, 30, 6, 132.94, 16, '2015-06-30', 8.9, 1),
(856, 140, '64088', 10, 20, 1, 16.77, 13, '2016-08-02', 3.36, 3),
(857, 589, '32792', 1, 19, 8, 151.13, 14, '2015-02-18', 4.03, 3),
(858, 553, '02500', 10, 7, 7, 106.02, 18, '2015-07-22', 0.49, 2),
(859, 80, '42195', 3, 16, 6, 199.5, 17, '2015-06-07', 2.26, 4),
(860, 25, '34066', 2, 23, 3, 73.03, 20, '2016-07-26', 4.96, 1),
(861, 35, '27517', 2, 16, 10, 171.47, 17, '2015-09-05', 9.1, 5),
(862, 89, '72991', 1, 19, 8, 14.42, 12, '2016-01-15', 6.15, 4),
(863, 134, '34237', 9, 21, 4, 149.5, 20, '2016-03-14', 0.77, 5),
(864, 534, '30512', 6, 20, 7, 84.55, 16, '2016-07-16', 1.27, 4),
(865, 356, '67518', 7, 23, 6, 181.91, 19, '2015-08-06', 7.15, 2),
(866, 593, '66458', 7, 29, 1, 50.99, 14, '2016-04-23', 8.27, 4),
(867, 4, '74514', 6, 24, 10, 13.19, 14, '2015-04-23', 1.78, 4),
(868, 474, '84916', 7, 21, 7, 73.13, 16, '2016-12-15', 0.55, 2),
(869, 561, '57523', 5, 10, 7, 149.01, 10, '2015-11-19', 5.45, 1),
(870, 530, '16583', 1, 17, 10, 194, 13, '2016-09-24', 5.18, 5),
(871, 565, '64472', 9, 11, 2, 155.61, 14, '2015-08-12', 7.02, 1),
(872, 212, '50771', 10, 26, 5, 81.77, 18, '2015-05-23', 2.62, 4),
(873, 186, '13680', 10, 28, 4, 166.01, 12, '2015-11-25', 1.04, 5),
(874, 269, '56823', 5, 12, 1, 87.45, 10, '2015-05-30', 4.66, 3),
(875, 23, '79117', 3, 30, 3, 88.99, 15, '2015-07-09', 7.06, 3),
(876, 328, '41502', 7, 11, 4, 123.62, 20, '2015-08-20', 0.68, 2),
(877, 334, '32244', 5, 24, 2, 16.11, 12, '2016-07-25', 0.92, 2),
(878, 59, '95939', 5, 21, 6, 140.87, 20, '2016-02-28', 8.4, 4),
(879, 266, '74891', 2, 11, 10, 52.8, 13, '2015-07-19', 1.2, 4),
(880, 466, '80079', 6, 12, 2, 197.24, 20, '2015-03-19', 2.93, 3),
(881, 173, '60473', 9, 26, 8, 165.03, 14, '2016-02-01', 5.22, 4),
(882, 189, '58022', 8, 8, 10, 41.7, 18, '2015-11-28', 1.01, 1),
(883, 30, '92571', 10, 11, 10, 162.83, 10, '2015-11-14', 4.87, 4),
(884, 189, '43772', 1, 11, 3, 98.38, 20, '2016-11-30', 5.8, 3),
(885, 408, '42289', 4, 24, 3, 98.01, 13, '2016-03-23', 1.91, 1),
(886, 146, '59683', 8, 20, 4, 166.08, 17, '2016-01-21', 5.65, 1),
(887, 300, '77020', 7, 28, 10, 147.1, 19, '2015-07-19', 6.66, 2),
(888, 523, '25719', 1, 6, 6, 187.96, 19, '2016-04-16', 8.84, 1),
(889, 209, '90476', 7, 20, 7, 130.39, 15, '2015-06-03', 1.23, 1),
(890, 146, '07924', 5, 19, 8, 15.18, 13, '2016-11-16', 7.25, 1),
(891, 226, '45068', 10, 7, 5, 132.31, 13, '2015-01-25', 3.78, 5),
(892, 552, '98081', 4, 8, 8, 182.35, 16, '2015-07-06', 7.22, 5),
(893, 80, '21584', 1, 10, 1, 48.07, 19, '2016-03-29', 5.17, 4),
(894, 498, '94372', 4, 27, 6, 18.5, 17, '2016-05-14', 0.76, 5),
(895, 131, '34628', 2, 9, 2, 67.83, 20, '2016-09-25', 5.31, 3),
(896, 122, '79445', 2, 16, 6, 156.44, 17, '2016-01-12', 4.28, 3),
(897, 572, '52130', 5, 8, 1, 182.82, 16, '2016-03-30', 0.57, 4),
(898, 244, '89729', 5, 9, 6, 56.3, 16, '2016-07-08', 0.36, 2),
(899, 59, '75407', 1, 29, 3, 134.09, 15, '2016-06-11', 7.24, 2),
(900, 537, '96976', 2, 22, 8, 82.94, 19, '2015-02-07', 3.23, 3),
(901, 156, '54861', 4, 19, 9, 112.29, 10, '2016-03-04', 4.84, 5),
(902, 315, '37550', 2, 21, 7, 44.67, 13, '2016-12-01', 2.66, 1),
(903, 214, '34030', 6, 28, 8, 113.04, 10, '2016-05-12', 4.89, 5),
(904, 379, '70606', 6, 15, 8, 123.07, 10, '2015-09-22', 3.86, 3),
(905, 195, '09245', 9, 29, 2, 27.48, 12, '2015-06-15', 0.41, 3),
(906, 363, '22281', 5, 25, 2, 12.82, 10, '2016-03-29', 3.26, 5),
(907, 42, '29996', 2, 20, 4, 130.16, 17, '2015-09-21', 7.69, 2),
(908, 207, '58574', 9, 7, 8, 167.78, 19, '2016-04-21', 8.35, 2),
(909, 128, '86329', 2, 21, 2, 95.49, 10, '2015-06-25', 9.57, 1),
(910, 480, '86282', 9, 18, 8, 121.8, 12, '2016-11-19', 1.16, 5),
(911, 250, '92142', 7, 17, 4, 196.12, 18, '2016-01-13', 0.2, 4),
(912, 399, '80125', 8, 23, 10, 41.63, 16, '2016-08-08', 3.54, 4),
(913, 403, '78137', 1, 8, 10, 83.98, 20, '2016-04-23', 5.75, 4),
(914, 567, '70535', 5, 30, 1, 110.45, 12, '2016-01-27', 7.49, 3),
(915, 185, '10447', 4, 8, 8, 141, 19, '2016-08-27', 0.6, 2),
(916, 171, '85982', 1, 25, 2, 159.59, 14, '2016-10-27', 7.26, 5),
(917, 399, '30708', 2, 12, 6, 109.11, 20, '2016-12-11', 6.71, 4),
(918, 567, '81648', 8, 12, 2, 195.56, 16, '2016-12-25', 8.98, 1),
(919, 375, '84883', 5, 22, 3, 45.57, 11, '2015-11-22', 6.3, 4),
(920, 316, '30708', 4, 9, 9, 187.44, 11, '2015-02-16', 5.95, 3),
(921, 441, '85954', 9, 27, 6, 141.09, 10, '2016-07-14', 5.34, 2),
(922, 61, '00371', 10, 10, 9, 127.74, 16, '2015-06-07', 9.11, 2),
(923, 585, '84585', 7, 22, 10, 116.95, 10, '2016-04-23', 6.71, 4),
(924, 84, '34602', 10, 27, 3, 165.24, 13, '2015-02-18', 7.78, 2),
(925, 115, '61194', 3, 12, 1, 198.25, 14, '2015-04-07', 1.42, 4),
(926, 218, '47995', 1, 5, 1, 110.64, 19, '2016-06-17', 2.77, 2),
(927, 295, '75407', 10, 6, 9, 150.66, 19, '2015-02-16', 9.34, 3),
(928, 261, '64744', 3, 23, 6, 109.89, 14, '2015-07-14', 4.78, 2),
(929, 286, '25645', 3, 21, 2, 178.03, 19, '2016-03-10', 7.74, 3),
(930, 522, '81191', 7, 22, 1, 151.92, 18, '2015-09-12', 5.8, 1),
(931, 97, '69572', 10, 14, 10, 120.11, 16, '2016-10-09', 7.38, 3),
(932, 345, '05907', 3, 28, 1, 198.75, 20, '2015-03-04', 0.63, 1),
(933, 427, '98565', 5, 18, 1, 156.11, 16, '2016-07-23', 7.37, 2),
(934, 451, '08177', 9, 11, 5, 150.92, 10, '2016-04-28', 8.98, 5),
(935, 490, '64471', 7, 12, 10, 37.82, 20, '2015-09-19', 0.73, 2),
(936, 148, '99055', 6, 13, 6, 22.92, 18, '2016-01-28', 5.13, 1),
(937, 108, '03814', 6, 16, 3, 29.71, 20, '2016-08-25', 0.71, 2),
(938, 340, '24288', 10, 10, 3, 129.33, 11, '2015-04-23', 7.28, 4),
(939, 87, '09831', 2, 6, 4, 193.22, 13, '2015-05-30', 8.02, 2),
(940, 308, '10843', 3, 9, 6, 139.8, 19, '2015-07-31', 2.76, 4),
(941, 49, '12551', 9, 21, 10, 183.64, 17, '2016-07-21', 2.54, 1),
(942, 432, '67999', 8, 14, 6, 164.4, 11, '2015-04-16', 2.14, 2),
(943, 113, '01562', 4, 16, 5, 152.52, 12, '2015-09-30', 1.01, 2),
(944, 480, '59683', 8, 6, 6, 43.43, 20, '2016-02-06', 2.17, 5),
(945, 342, '70499', 9, 25, 2, 41.89, 11, '2016-07-11', 5.02, 4),
(946, 264, '43772', 8, 17, 8, 72.62, 13, '2015-01-20', 9.43, 4),
(947, 350, '78385', 7, 27, 1, 90.79, 13, '2016-02-03', 7.09, 2),
(948, 104, '53781', 3, 21, 6, 72.66, 11, '2016-02-19', 1.48, 3),
(949, 436, '76475', 1, 8, 8, 63.06, 13, '2015-12-23', 8.98, 2),
(950, 563, '65147', 6, 8, 5, 49.21, 18, '2016-08-04', 7.44, 5),
(951, 156, '10807', 3, 21, 2, 141.64, 12, '2016-05-23', 8.89, 1),
(952, 139, '74383', 8, 14, 6, 77.55, 20, '2015-12-22', 0.17, 4),
(953, 107, '62217', 5, 9, 1, 185.53, 17, '2016-06-02', 9.31, 3),
(954, 245, '39206', 3, 17, 3, 192.61, 13, '2015-09-29', 7.93, 2),
(955, 385, '31361', 8, 13, 9, 104.15, 14, '2015-03-23', 7.67, 5),
(956, 559, '27258', 1, 12, 1, 82.19, 15, '2015-01-27', 9.17, 1),
(957, 596, '84085', 2, 16, 9, 95.74, 11, '2015-07-27', 4.38, 5),
(958, 431, '72714', 2, 9, 3, 53.6, 16, '2016-05-10', 0.73, 2),
(959, 527, '81191', 5, 24, 7, 120.92, 19, '2015-08-27', 9.53, 4),
(960, 177, '44669', 3, 23, 4, 89.48, 20, '2015-09-06', 8.63, 5),
(961, 261, '66458', 1, 8, 8, 35.19, 12, '2016-06-29', 4.43, 5),
(962, 310, '77571', 4, 20, 8, 110.01, 18, '2016-01-05', 0.93, 1),
(963, 491, '74713', 6, 6, 5, 133.8, 17, '2016-08-28', 5.35, 2),
(964, 473, '53780', 6, 30, 4, 118.74, 19, '2016-10-03', 1.19, 3),
(965, 262, '49295', 1, 8, 3, 37.53, 17, '2016-12-25', 2.28, 1),
(966, 377, '09245', 6, 5, 5, 167.01, 17, '2015-05-09', 6.82, 1),
(967, 217, '50698', 6, 13, 9, 172.06, 16, '2015-10-03', 8.42, 5),
(968, 25, '05248', 6, 5, 7, 105.86, 11, '2015-09-10', 4.42, 1),
(969, 98, '76246', 10, 19, 5, 69.99, 13, '2016-03-10', 8.09, 2),
(970, 477, '09336', 10, 18, 7, 20.54, 15, '2015-12-23', 1.96, 4),
(971, 209, '81383', 6, 26, 6, 190.27, 20, '2015-02-10', 3.37, 2),
(972, 219, '77408', 5, 30, 6, 23.99, 11, '2015-11-10', 1.99, 5),
(973, 82, '17048', 6, 16, 2, 87.75, 10, '2015-01-28', 6.42, 2),
(974, 544, '94643', 1, 11, 4, 24.89, 19, '2015-02-25', 9.08, 5),
(975, 246, '05197', 7, 11, 5, 29.98, 14, '2015-08-19', 7.45, 2),
(976, 420, '21321', 6, 20, 9, 110.17, 13, '2016-11-27', 2.51, 3),
(977, 128, '97792', 7, 27, 6, 48.06, 19, '2016-02-13', 8.92, 4),
(978, 430, '14395', 3, 23, 7, 17.36, 19, '2016-07-28', 7.45, 4),
(979, 523, '12482', 8, 25, 3, 70.3, 15, '2016-06-18', 3.64, 1),
(980, 466, '18332', 8, 16, 5, 188.95, 13, '2016-07-15', 0.43, 4),
(981, 62, '52571', 10, 30, 2, 43.92, 18, '2016-02-01', 5.62, 1),
(982, 166, '64472', 6, 10, 3, 50.09, 12, '2016-02-02', 9.03, 3),
(983, 283, '49295', 9, 28, 1, 52.02, 19, '2016-03-08', 9.93, 1),
(984, 462, '07947', 10, 9, 10, 38.7, 14, '2016-10-11', 0.87, 5),
(985, 551, '12625', 8, 24, 5, 103.06, 13, '2016-07-31', 1.61, 5),
(986, 207, '33245', 8, 20, 5, 16.64, 12, '2015-11-30', 7.28, 3),
(987, 284, '18765', 6, 6, 10, 85.3, 14, '2015-01-28', 2.3, 1),
(988, 504, '94787', 9, 10, 2, 186.55, 12, '2015-04-30', 6.08, 5),
(989, 233, '96852', 4, 16, 8, 17.74, 19, '2015-03-27', 5.02, 2),
(990, 548, '98345', 4, 23, 3, 163.18, 11, '2015-11-21', 9.46, 5),
(991, 80, '09805', 2, 8, 10, 89.84, 12, '2016-05-11', 1.72, 2),
(992, 50, '53781', 8, 16, 5, 153.55, 15, '2015-10-06', 9.58, 1),
(993, 141, '76854', 2, 13, 10, 132.93, 11, '2015-02-13', 3.56, 4),
(994, 251, '39206', 9, 24, 7, 101.34, 19, '2015-12-12', 5.38, 1),
(995, 471, '44371', 2, 22, 3, 83.04, 13, '2016-11-26', 5.58, 4),
(996, 442, '64471', 1, 17, 9, 145.05, 18, '2015-08-03', 4.81, 5),
(997, 241, '38840', 8, 7, 3, 138.17, 19, '2015-12-02', 2.13, 2),
(998, 122, '64744', 2, 24, 1, 22.83, 12, '2015-02-08', 7.8, 2),
(999, 67, '84220', 4, 5, 6, 145.91, 19, '2016-03-03', 7.55, 1),
(1000, 441, '86282', 9, 6, 4, 40.45, 13, '2015-03-07', 4.58, 1);

-- --------------------------------------------------------

--
-- Table structure for table `product`
--

CREATE TABLE IF NOT EXISTS `product` (
  `productID` varchar(255) NOT NULL,
  `productName` varchar(255) NOT NULL,
  `productDescription` varchar(255) DEFAULT NULL,
  `productBrand` varchar(255) DEFAULT NULL,
  `productStrength` int(10) DEFAULT NULL,
  `productType` varchar(255) DEFAULT NULL,
  `productMinStock` int(10) NOT NULL,
  `customPrice` double NOT NULL,
  PRIMARY KEY (`productID`)
) ENGINE=InnoDB DEFAULT CHARSET=latin1;

--
-- Dumping data for table `product`
--

INSERT INTO `product` (`productID`, `productName`, `productDescription`, `productBrand`, `productStrength`, `productType`, `productMinStock`, `customPrice`) VALUES
('00371', 'Hydrochlorothiazide', 'bibendum. Donec felis orci,', 'Nulla Eu Neque Industries', 400, 'l', 49, 0),
('00653', 'Diovan', 'ligula. Aliquam erat volutpat. Nulla dignissim. Maecenas', 'Sit Amet Associates', 562, 'ml', 46, 0),
('01076', 'Gianvi', 'enim, sit amet ornare lectus justo eu arcu. Morbi sit', 'Magna Sed Dui Limited', 26, 'mg', 29, 0),
('01260', 'Potassium Chloride', 'Cras sed leo. Cras vehicula aliquet libero. Integer in', 'Mus Aenean LLC', 141, 'g', 22, 0),
('01413', 'Hydrochlorothiazide', 'volutpat. Nulla dignissim. Maecenas ornare', 'Dui Associates', 721, 'ml', 18, 0),
('01425', 'Amlodipine Besylate', 'ante dictum', 'Elit LLC', 954, 'ml', 42, 0),
('01562', 'Fluoxetine HCl', 'tincidunt dui augue eu', 'A Consulting', 470, 'g', 24, 0),
('02260', 'Tamsulosin HCl', 'In scelerisque scelerisque dui. Suspendisse ac metus vitae', 'Ac Ipsum Corp.', 320, 'g', 24, 0),
('02296', 'Prednisone', 'euismod ac, fermentum', 'Ornare Tortor Incorporated', 911, 'ml', 16, 0),
('02500', 'Amoxicillin Trihydrate/Potassium Clavulanate', 'nascetur', 'Dis Parturient Company', 775, 'mg', 43, 0),
('02799', 'Zolpidem Tartrate', 'sapien molestie orci tincidunt adipiscing.', 'Nulla Interdum Corp.', 982, 'kg', 45, 0),
('03178', 'Lisinopril', 'Donec consectetuer mauris id sapien.', 'Bibendum Donec Corp.', 229, 'g', 44, 0),
('03477', 'Sulfamethoxazole/Trimethoprim', 'a, malesuada id, erat. Etiam vestibulum', 'Dolor Fusce Consulting', 913, 'g', 42, 0),
('03556', 'Cheratussin AC', 'nunc sit amet metus. Aliquam erat volutpat. Nulla facilisis. Suspendisse', 'Velit Eget LLC', 393, 'kg', 21, 0),
('03814', 'Atenolol', 'nisl sem, consequat nec, mollis vitae, posuere at, velit. Cras', 'Fusce Dolor Company', 743, 'ml', 45, 0),
('04109', 'Metoprolol Succinatee', 'Suspendisse eleifend. Cras sed leo. Cras vehicula aliquet libero.', 'Duis Elementum Dui Limited', 165, 'l', 21, 0),
('04173', 'Lisinopril', 'pellentesque massa lobortis ultrices.', 'Velit LLP', 606, 'mg', 25, 0),
('04364', 'Sertraline HCl', 'amet nulla. Donec', 'Sed Libero Proin Company', 808, 'l', 44, 0),
('04623', 'Prednisone', 'lobortis, nisi nibh lacinia orci, consectetuer euismod est', 'In Aliquet Corporation', 508, 'l', 32, 0),
('05197', 'Lisinopril', 'aliquet molestie tellus. Aenean egestas hendrerit', 'Accumsan Laoreet Ipsum LLC', 958, 'ml', 24, 0),
('05248', 'Potassium Chloride', 'non nisi. Aenean', 'Nunc Quis Arcu PC', 974, 'l', 27, 0),
('05304', 'Pantoprazole Sodium', 'consectetuer rhoncus. Nullam velit dui, semper', 'Nonummy PC', 844, 'g', 22, 0),
('05487', 'Lorazepam', 'consectetuer rhoncus. Nullam velit dui, semper', 'At Fringilla Purus PC', 916, 'ml', 28, 0),
('05740', 'Potassium Chloride', 'tellus lorem eu metus. In lorem. Donec elementum,', 'Vel Nisl Quisque Limited', 485, 'ml', 16, 0),
('05760', 'Lisinopril/Hydrochlorothiazide', 'sed consequat auctor, nunc nulla vulputate', 'Mauris Sit LLP', 682, 'mg', 16, 0),
('05849', 'Proair HFA', 'tincidunt, nunc ac', 'Adipiscing PC', 49, 'mg', 20, 0),
('05907', 'Furosemide', 'gravida mauris ut mi. Duis risus odio, auctor vitae, aliquet', 'Id Industries', 278, 'l', 39, 0),
('06341', 'Ranitidine HCl', 'tincidunt adipiscing. Mauris', 'Semper Company', 797, 'kg', 19, 0),
('06352', 'Triamterene/Hydrochlorothiazide', 'velit. Sed malesuada augue', 'Integer Vulputate Incorporated', 935, 'ml', 48, 0),
('06457', 'Proair HFA', 'eget laoreet posuere, enim nisl elementum purus, accumsan', 'Dolor Ltd', 78, 'g', 47, 0),
('06816', 'Cephalexin', 'lorem vitae odio sagittis semper. Nam', 'Tellus LLC', 177, 'l', 40, 0),
('07116', 'Metoprolol Tartrate ', 'est tempor bibendum. Donec felis orci, adipiscing non, luctus sit', 'Id Sapien Inc.', 827, 'ml', 21, 0),
('07150', 'Simvastatin', 'sem', 'Ac Consulting', 489, 'mg', 35, 0),
('07547', 'Simvastatin', 'enim', 'Sociis Natoque PC', 991, 'kg', 35, 0),
('07620', 'Fluconazole', 'Maecenas malesuada fringilla est. Mauris eu turpis. Nulla', 'Non Sollicitudin A Limited', 478, 'g', 31, 0),
('07653', 'Gabapentin', 'sem, consequat nec, mollis vitae, posuere at, velit. Cras', 'Metus Urna Industries', 722, 'ml', 34, 0),
('07924', 'Zolpidem Tartrate', 'Phasellus dapibus quam quis', 'Facilisis Incorporated', 303, 'l', 26, 0),
('07947', 'Plavix', 'egestas. Aliquam fringilla cursus', 'Cras Vulputate Velit Ltd', 595, 'mg', 21, 0),
('08177', 'Amlodipine Besylate', 'orci. Ut semper pretium neque. Morbi quis', 'Urna Nullam Foundation', 805, 'g', 32, 0),
('08314', 'Vitamin D (Rx)', 'bibendum ullamcorper. Duis cursus, diam', 'Semper Egestas Urna Consulting', 107, 'kg', 40, 0),
('09065', 'Amoxicillin', 'mauris. Morbi non sapien', 'Fringilla Inc.', 642, 'g', 45, 0),
('09126', 'Tramadol HCl', 'Etiam laoreet, libero et tristique pellentesque, tellus sem mollis dui,', 'Eget Company', 587, 'kg', 25, 0),
('09243', 'Gianvi', 'libero lacus, varius', 'Ultrices A LLC', 572, 'l', 41, 0),
('09245', 'Oxycodone HCl', 'erat semper', 'Mauris Eu Corp.', 36, 'kg', 23, 0),
('09336', 'Fluoxetine HCl', 'quam. Pellentesque habitant morbi tristique', 'Mauris Blandit Corporation', 29, 'l', 17, 0),
('09589', 'Oxycodone/APAP', 'purus. Nullam', 'Ac Mi Eleifend Incorporated', 295, 'ml', 43, 0),
('09746', 'Simvastatin', 'eu lacus. Quisque imperdiet, erat nonummy ultricies', 'Semper Egestas Urna Corp.', 938, 'g', 28, 0),
('09805', 'Fluoxetine HCl', 'arcu. Sed', 'Erat Volutpat Nulla Consulting', 662, 'ml', 37, 0),
('09831', 'Amoxicillin', 'Aliquam vulputate ullamcorper magna. Sed', 'Metus Aenean Ltd', 543, 'ml', 24, 0),
('09925', 'Alprazolam', 'Morbi neque tellus, imperdiet non, vestibulum nec, euismod', 'Nunc Ullamcorper LLP', 424, 'g', 10, 0),
('09949', 'Triamterene/Hydrochlorothiazide', 'at, velit.', 'Sagittis Felis Industries', 543, 'kg', 37, 0),
('10084', 'Carvedilol', 'risus. Donec egestas. Aliquam', 'Sapien PC', 305, 'l', 24, 0),
('10323', 'Metoprolol Succinatee', 'volutpat', 'Vitae Sodales Nisi Inc.', 772, 'ml', 19, 0),
('10447', 'Endocet', 'Ut sagittis lobortis mauris. Suspendisse aliquet molestie tellus.', 'Quisque Nonummy Inc.', 33, 'mg', 32, 0),
('10538', 'Carvedilol', 'magnis dis parturient', 'Mi LLP', 13, 'l', 24, 0),
('10807', 'Carisoprodol', 'penatibus et magnis dis parturient montes, nascetur ridiculus', 'Donec Corporation', 69, 'l', 32, 0),
('10836', 'Cheratussin AC', 'convallis in, cursus et, eros. Proin ultrices. Duis volutpat', 'Ipsum Phasellus Vitae LLC', 20, 'l', 10, 0),
('10843', 'Losartan Potassium', 'leo. Cras vehicula aliquet libero. Integer in magna. Phasellus', 'Mauris Id Industries', 198, 'l', 23, 0),
('11006', 'Zolpidem Tartrate', 'Sed dictum. Proin eget', 'Aenean Eget Limited', 655, 'kg', 25, 0),
('11291', 'Meloxicam', 'Quisque libero lacus, varius et, euismod et,', 'Dui LLC', 980, 'g', 18, 0),
('11541', 'Lisinopril', 'sociis natoque penatibus', 'Enim Suspendisse Associates', 192, 'ml', 14, 0),
('11582', 'Lidoderm', 'Pellentesque tincidunt tempus risus. Donec egestas. Duis ac arcu. Nunc', 'Consectetuer Incorporated', 192, 'l', 38, 0),
('11660', 'Lovaza', 'tortor, dictum', 'Nunc Nulla Vulputate Institute', 641, 'l', 15, 0),
('11688', 'LevothyroxineSodium', 'pede, ultrices a, auctor non, feugiat nec, diam.', 'Convallis Erat Inc.', 814, 'l', 29, 0),
('12083', 'Amlodipine Besylate', 'ac, eleifend vitae, erat. Vivamus nisi. Mauris nulla.', 'Nam Consequat Institute', 239, 'l', 26, 0),
('12482', 'Pantoprazole Sodium', 'semper erat, in consectetuer ipsum nunc id enim. Curabitur massa.', 'Mauris Suspendisse Aliquet Institute', 859, 'mg', 25, 0),
('12551', 'Prednisone', 'risus. Nulla eget metus eu erat semper', 'Vitae Risus Duis Industries', 858, 'ml', 50, 0),
('12625', 'Simvastatin', 'tristique ac, eleifend vitae, erat. Vivamus nisi. Mauris nulla. Integer', 'Neque Pellentesque Massa Corporation', 278, 'l', 28, 0),
('13040', 'Triamterene/Hydrochlorothiazide', 'Etiam bibendum', 'Pede Corporation', 810, 'g', 14, 0),
('13251', 'Meloxicam', 'convallis convallis dolor. Quisque tincidunt pede', 'Facilisis Associates', 988, 'kg', 23, 0),
('13252', 'Pantoprazole Sodium', 'et tristique pellentesque, tellus sem mollis dui, in', 'Duis At Incorporated', 438, 'kg', 36, 0),
('13680', 'Klor-Con M20', 'molestie tellus. Aenean egestas hendrerit', 'Sed Nec Metus Corp.', 552, 'kg', 29, 0),
('14257', 'Simvastatin', 'dui, nec tempus mauris erat eget ipsum. Suspendisse sagittis. Nullam', 'Arcu Iaculis Company', 302, 'g', 40, 0),
('14283', 'Ciprofloxacin HCl', 'elit fermentum risus, at fringilla purus mauris a nunc. In', 'Donec Nibh Incorporated', 350, 'l', 11, 0),
('14395', 'Loestrin 24 Fe', 'mollis lectus pede et', 'Suspendisse Aliquet Institute', 640, 'kg', 29, 0),
('14621', 'Lisinopril', 'egestas hendrerit neque. In', 'Nonummy Company', 350, 'kg', 47, 0),
('14694', 'Clindamycin HCl', 'eu arcu. Morbi sit amet massa. Quisque porttitor eros nec', 'Vulputate Eu Odio Company', 248, 'mg', 26, 0),
('14735', 'Omeprazole (Rx)', 'Morbi metus. Vivamus euismod urna. Nullam lobortis', 'Vitae PC', 258, 'l', 50, 0),
('15016', 'Gabapentin', 'eget, venenatis a, magna. Lorem ipsum dolor sit amet,', 'Rutrum Lorem Ac Ltd', 621, 'ml', 23, 0),
('15360', 'Fluconazole', 'convallis in, cursus et,', 'Nulla At Sem Consulting', 375, 'ml', 35, 0),
('15802', 'Paroxetine HCl', 'orci. Donec nibh. Quisque nonummy ipsum non arcu. Vivamus', 'Faucibus Orci Luctus Corp.', 471, 'ml', 42, 0),
('16333', 'Carisoprodol', 'id, blandit', 'Eu Eleifend Nec Institute', 148, 'l', 34, 0),
('16347', 'Ranitidine HCl', 'senectus et netus et malesuada fames ac turpis egestas.', 'Iaculis Enim LLP', 640, 'g', 28, 0),
('16583', 'Furosemide', 'tellus, imperdiet', 'Mollis Nec Cursus LLC', 28, 'mg', 12, 0),
('16632', 'Prednisone', 'purus, accumsan interdum libero', 'Turpis LLC', 441, 'kg', 22, 0),
('16747', 'Paroxetine HCl', 'faucibus. Morbi', 'Vulputate Mauris Sagittis LLP', 816, 'g', 32, 0),
('16767', 'Naproxen', 'arcu. Morbi sit amet', 'Non Leo Vivamus Foundation', 985, 'kg', 25, 0),
('16834', 'Metoprolol Succinate', 'lorem, luctus ut, pellentesque eget, dictum placerat, augue. Sed', 'Est Arcu Consulting', 653, 'kg', 41, 0),
('17048', 'Warfarin Sodium', 'magna. Sed eu eros. Nam consequat dolor vitae dolor. Donec', 'Libero Integer Corporation', 744, 'mg', 38, 0),
('17185', 'Zolpidem Tartrate', 'interdum feugiat. Sed nec metus', 'Magna Suspendisse Limited', 725, 'g', 37, 0),
('17220', 'Hydrocodone/APAP', 'id risus quis', 'Id Ante Nunc Foundation', 152, 'l', 25, 0),
('17227', 'Citalopram HBR', 'in felis. Nulla tempor', 'Egestas A Dui Company', 777, 'kg', 18, 0),
('17416', 'Hydrocodone/APAP', 'risus. Duis a mi fringilla mi lacinia mattis. Integer eu', 'A Mi PC', 579, 'kg', 28, 0),
('17817', 'Penicillin VK', 'luctus', 'Pellentesque Corp.', 100, 'l', 41, 0),
('18184', 'Gabapentin', 'Suspendisse eleifend.', 'Phasellus Limited', 70, 'l', 16, 0),
('18224', 'Metoprolol Succinatee', 'ipsum leo elementum sem, vitae aliquam eros', 'Donec Ltd', 571, 'l', 40, 0),
('18325', 'Doxycycline Hyclate', 'tincidunt. Donec vitae erat', 'Auctor Non Feugiat Consulting', 605, 'kg', 46, 0),
('18332', 'Prednisone', 'vulputate,', 'Laoreet Foundation', 527, 'l', 17, 0),
('18765', 'Lisinopril', 'lectus sit amet', 'Donec At Incorporated', 666, 'ml', 34, 0),
('18772', 'Lidoderm', 'vel arcu eu odio tristique pharetra. Quisque ac libero nec', 'Ullamcorper Nisl Ltd', 935, 'kg', 34, 0),
('18839', 'Oxycodone/APAP', 'adipiscing elit. Curabitur sed tortor. Integer aliquam adipiscing', 'Urna Ltd', 953, 'g', 16, 0),
('18866', 'Simvastatin', 'purus mauris a nunc. In at pede.', 'Sagittis Placerat Cras LLC', 116, 'l', 28, 0),
('19448', 'Hydrocodone/APAP', 'Sed congue, elit sed consequat auctor, nunc nulla vulputate', 'Ipsum Ac Ltd', 520, 'g', 17, 0),
('19569', 'Lovastatin', 'et,', 'Fringilla Ornare Corporation', 709, 'kg', 17, 0),
('19634', 'Digoxin', 'orci tincidunt adipiscing. Mauris molestie pharetra nibh. Aliquam ornare,', 'Scelerisque Mollis Industries', 610, 'g', 40, 0),
('19721', 'Amlodipine Besylate', 'nibh. Phasellus nulla. Integer vulputate, risus a ultricies adipiscing, enim', 'Nullam Lobortis Quam Ltd', 739, 'ml', 35, 0),
('19756', 'Oxycodone HCl', 'Morbi vehicula. Pellentesque', 'Duis Dignissim Tempor Industries', 796, 'mg', 28, 0),
('19899', 'Viagra', 'tincidunt, neque', 'Auctor Mauris Vel Limited', 934, 'g', 50, 0),
('19932', 'Potassium Chloride', 'nec tempus scelerisque, lorem ipsum', 'Imperdiet Foundation', 988, 'g', 43, 0),
('20001', 'Fluoxetine HCl', 'cursus. Integer mollis. Integer tincidunt aliquam arcu. Aliquam', 'Cursus Et Magna Associates', 766, 'g', 29, 0),
('20161', 'Penicillin VK', 'ultricies dignissim lacus. Aliquam rutrum lorem ac risus. Morbi', 'Donec Institute', 885, 'kg', 16, 0),
('20404', 'Citalopram HBr', 'tortor. Integer aliquam adipiscing lacus. Ut nec urna et arcu', 'In Faucibus Orci Industries', 397, 'g', 35, 0),
('20724', 'Doxycycline Hyclate', 'in faucibus orci luctus et ultrices posuere', 'Vivamus Consulting', 304, 'kg', 14, 0),
('20805', 'Meloxicam', 'Aenean gravida nunc sed pede. Cum sociis natoque penatibus et', 'Tristique Ac Incorporated', 217, 'l', 15, 0),
('20816', 'Amlodipine Besylate', 'est ac mattis semper, dui lectus rutrum urna, nec luctus', 'Nunc Incorporated', 910, 'l', 32, 0),
('21321', 'Symbicort', 'arcu. Aliquam ultrices iaculis odio. Nam interdum enim', 'Ut Industries', 638, 'l', 15, 0),
('21339', 'Seroquel', 'non magna. Nam ligula elit, pretium et, rutrum', 'Magna Lorem Corporation', 189, 'mg', 50, 0),
('21363', 'Omeprazole (Rx)', 'ipsum primis in faucibus orci', 'Non Leo Inc.', 268, 'ml', 16, 0),
('21395', 'Clonazepam', 'placerat,', 'Laoreet Ipsum Corp.', 975, 'l', 26, 0),
('21584', 'Gianvi', 'scelerisque mollis. Phasellus libero', 'Ut Corp.', 498, 'mg', 40, 0),
('21956', 'Gabapentin', 'fermentum vel, mauris. Integer sem', 'Donec Consulting', 166, 'g', 47, 0),
('22015', 'Metoprolol Succinate', 'ut, sem.', 'Commodo Ipsum LLC', 378, 'kg', 28, 0),
('22105', 'Carvedilol', 'non magna. Nam ligula elit, pretium et, rutrum non, hendrerit', 'Dolor Sit Amet LLP', 865, 'mg', 21, 0),
('22277', 'Lovaza', 'massa. Mauris vestibulum,', 'Cum LLC', 540, 'g', 42, 0),
('22281', 'Azithromycin', 'magna. Sed eu eros.', 'Mauris Erat Corp.', 499, 'g', 26, 0),
('22523', 'Tramadol HCl', 'est arcu', 'Malesuada Fringilla Corporation', 281, 'kg', 46, 0),
('22560', 'Furosemide', 'diam eu dolor egestas rhoncus. Proin nisl sem, consequat nec,', 'Eros Corporation', 72, 'kg', 44, 0),
('22936', 'Lisinopril', 'amet ante. Vivamus non lorem vitae odio sagittis semper.', 'Pulvinar Arcu Et Ltd', 515, 'ml', 43, 0),
('23209', 'Lisinopril/Hydrochlorothiazide', 'morbi', 'Nibh Enim Corporation', 427, 'g', 41, 0),
('23224', 'Zolpidem Tartrate', 'iaculis, lacus pede sagittis augue, eu tempor', 'Eget Tincidunt Dui Associates', 486, 'mg', 13, 0),
('23401', 'Fluoxetine HCl', 'ornare egestas', 'Ac Mattis Consulting', 882, 'g', 25, 0),
('23710', 'Metoprolol Succinate', 'ante. Maecenas mi felis, adipiscing fringilla, porttitor', 'Inceptos Hymenaeos Corporation', 478, 'g', 45, 0),
('23778', 'Hydrocodone/APAP', 'imperdiet ornare.', 'Eget LLC', 205, 'l', 31, 0),
('24288', 'Lisinopril', 'pede. Cum sociis natoque penatibus et magnis dis', 'Neque Non Quam Corporation', 362, 'g', 15, 0),
('25330', 'Seroquel', 'iaculis enim,', 'Lorem Ipsum Incorporated', 837, 'l', 14, 0),
('25426', 'Alprazolam', 'malesuada augue ut lacus. Nulla tincidunt, neque', 'Sapien Imperdiet Foundation', 603, 'l', 19, 0),
('25586', 'Naproxen', 'felis', 'Eros Industries', 339, 'ml', 30, 0),
('25645', 'Amoxicillin', 'in lobortis tellus justo sit amet', 'At Egestas Company', 766, 'g', 33, 0),
('25719', 'Cephalexin', 'Donec tempus, lorem fringilla ornare placerat,', 'Tempor Corp.', 295, 'l', 39, 0),
('25934', 'Cyclobenzaprin HCl', 'faucibus lectus, a', 'Morbi Sit Amet Inc.', 223, 'l', 40, 0),
('25942', 'Lisinopril', 'Nulla aliquet.', 'Faucibus LLC', 975, 'kg', 10, 0),
('25974', 'Zyprexa', 'vel arcu eu odio tristique pharetra. Quisque ac libero nec', 'Gravida Molestie Corp.', 733, 'ml', 24, 0),
('26046', 'Ranitidine HCl', 'ornare sagittis felis. Donec tempor, est ac mattis semper,', 'Quis Ltd', 874, 'ml', 34, 0),
('26109', 'Omeprazole (Rx)', 'euismod enim. Etiam gravida', 'Rutrum Eu PC', 388, 'kg', 37, 0),
('26162', 'Potassium Chloride', 'mauris ut mi. Duis risus odio, auctor vitae, aliquet nec,', 'Pellentesque LLC', 912, 'kg', 32, 0),
('26248', 'Alendronate Sodium', 'tincidunt, nunc ac mattis', 'Egestas Industries', 914, 'mg', 30, 0),
('26344', 'Levoxyl', 'molestie in, tempus eu, ligula. Aenean euismod mauris eu elit.', 'Eu Industries', 415, 'kg', 45, 0),
('26374', 'Amlodipine Besylate', 'eget odio. Aliquam vulputate ullamcorper magna. Sed', 'Velit Egestas Incorporated', 642, 'l', 29, 0),
('26546', 'Atenolol', 'diam. Duis mi enim, condimentum', 'Nec Foundation', 113, 'kg', 21, 0),
('26745', 'Spiriva Handihaler', 'malesuada fames ac turpis egestas. Aliquam fringilla', 'Lorem Company', 354, 'ml', 15, 0),
('26808', 'Oxycontin', 'amet, consectetuer adipiscing elit.', 'Eget Dictum Institute', 693, 'l', 39, 0),
('26908', 'Clonazepam', 'Donec', 'Faucibus Ut Nulla LLC', 594, 'mg', 15, 0),
('27206', 'Oxycodone HCl', 'mauris ipsum', 'Sed Dictum Eleifend Ltd', 652, 'g', 47, 0),
('27258', 'Diazepam', 'Nam tempor diam dictum sapien. Aenean massa. Integer vitae nibh.', 'Ut Company', 747, 'ml', 14, 0),
('27334', 'Cyclobenzaprin HCl', 'enim. Curabitur massa. Vestibulum accumsan neque et nunc. Quisque ornare', 'Lacinia Vitae Ltd', 591, 'mg', 42, 0),
('27357', 'Folic Acid', 'arcu', 'Quam Corp.', 47, 'kg', 12, 0),
('27407', 'Seroquel', 'rutrum magna. Cras convallis convallis dolor. Quisque', 'At Libero Morbi Ltd', 885, 'ml', 40, 0),
('27491', 'Lovaza', 'Duis volutpat nunc sit amet metus.', 'Magna Corporation', 519, 'l', 46, 0),
('27517', 'Digoxin', 'nonummy. Fusce fermentum fermentum arcu. Vestibulum ante', 'Nisl Elementum Purus Corp.', 913, 'kg', 41, 0),
('27613', 'Pantoprazole Sodium', 'velit egestas lacinia. Sed congue, elit sed consequat auctor, nunc', 'Nam Ac Nulla PC', 106, 'l', 31, 0),
('27641', 'Januvia', 'eget odio. Aliquam vulputate ullamcorper magna. Sed eu', 'Nibh Vulputate Corporation', 735, 'kg', 24, 0),
('27648', 'Fluticasone Propionate', 'eu, odio. Phasellus', 'Lectus Rutrum Urna Ltd', 34, 'kg', 33, 0),
('27671', 'Cyclobenzaprin HCl', 'feugiat metus sit amet ante. Vivamus non lorem vitae', 'Mauris Non Dui Incorporated', 580, 'mg', 45, 0),
('27715', 'Cyclobenzaprin HCl', 'eget, dictum placerat,', 'Metus Facilisis Corp.', 578, 'kg', 33, 0),
('27738', 'Carvedilol', 'egestas hendrerit neque. In ornare', 'Sem Corp.', 910, 'mg', 44, 0),
('27990', 'Famotidine', 'risus. Nulla eget metus eu erat semper rutrum.', 'Nascetur Ridiculus Consulting', 939, 'ml', 14, 0),
('28078', 'Sulfamethoxazole/Trimethoprim', 'vestibulum.', 'Congue Elit Industries', 955, 'kg', 37, 0),
('28370', 'Tramadol HCl', 'nec orci. Donec nibh. Quisque nonummy', 'Nulla PC', 79, 'ml', 34, 0),
('28689', 'Celebrex', 'eu', 'Interdum Corporation', 128, 'kg', 25, 0),
('28828', 'Cyclobenzaprin HCl', 'hendrerit consectetuer, cursus et,', 'Pharetra Felis Associates', 681, 'kg', 38, 0),
('29386', 'Prednisone', 'Cras interdum.', 'Scelerisque Dui Inc.', 879, 'kg', 11, 0),
('29404', 'Folic Acid', 'odio, auctor', 'Eget Magna Institute', 331, 'l', 12, 0),
('29457', 'Folic Acid', 'et, lacinia vitae, sodales at,', 'Mus Aenean Eget Inc.', 973, 'kg', 21, 0),
('29485', 'Famotidine', 'lorem vitae odio sagittis semper. Nam tempor diam dictum sapien.', 'A Feugiat Tellus Incorporated', 742, 'l', 41, 0),
('29497', 'Lisinopril', 'at arcu. Vestibulum ante ipsum', 'Aliquet Odio Industries', 363, 'l', 38, 0),
('29600', 'Zetia', 'iaculis aliquet diam.', 'Diam Dictum Sapien PC', 276, 'ml', 34, 0),
('29719', 'Simvastatin', 'ultricies ligula. Nullam enim. Sed nulla', 'Maecenas Malesuada Incorporated', 424, 'mg', 42, 0),
('29910', 'Fluticasone Propionate', 'ornare placerat, orci lacus', 'Gravida LLP', 141, 'ml', 26, 0),
('29996', 'Sertraline HCl', 'ridiculus mus.', 'Tincidunt Aliquam Limited', 101, 'mg', 13, 0),
('30407', 'Meloxicam', 'mi felis, adipiscing fringilla, porttitor vulputate, posuere vulputate, lacus. Cras', 'Mauris Integer Sem Corporation', 638, 'l', 12, 0),
('30512', 'APAP/Codeine', 'eget, venenatis a, magna.', 'Mollis LLP', 578, 'ml', 23, 0),
('30551', 'Amoxicillin Trihydrate/Potassium Clavulanate', 'Morbi', 'Non Associates', 842, 'ml', 30, 0),
('30605', 'Hydrocodone/APAP', 'Aliquam erat volutpat. Nulla', 'Fermentum Convallis Industries', 38, 'mg', 35, 0),
('30708', 'Januvia', 'Duis ac arcu. Nunc mauris. Morbi non sapien molestie', 'Lorem Fringilla Ornare PC', 802, 'g', 27, 0),
('30836', 'Sertraline HCl', 'primis in', 'Eget Laoreet Posuere Company', 858, 'l', 31, 0),
('31266', 'Prednisone', 'tempus eu, ligula. Aenean euismod mauris eu', 'Suscipit Est Ac Institute', 372, 'mg', 20, 0),
('31269', 'Metformin HCl', 'non,', 'Ac Turpis Egestas LLC', 832, 'kg', 49, 0),
('31361', 'Alprazolam', 'non justo. Proin non massa non ante bibendum ullamcorper.', 'Ipsum Non Arcu Associates', 146, 'mg', 43, 0),
('31694', 'Glyburide', 'risus. Morbi metus. Vivamus euismod urna. Nullam lobortis', 'Dictum Ultricies Ligula Ltd', 476, 'l', 17, 0),
('31878', 'Alprazolam', 'velit egestas lacinia. Sed congue, elit sed', 'Augue Company', 655, 'g', 49, 0),
('32151', 'Suboxone', 'Quisque nonummy ipsum non arcu. Vivamus sit amet', 'Sem Elit Pharetra Institute', 147, 'g', 36, 0),
('32202', 'Azithromycin', 'dolor. Donec fringilla.', 'Ornare Sagittis Felis LLP', 472, 'mg', 24, 0),
('32244', 'Klor-Con M20', 'vestibulum lorem, sit amet ultricies', 'Nam Ac Nulla LLP', 947, 'g', 43, 0),
('32334', 'Nexium', 'imperdiet', 'Suscipit Nonummy Ltd', 316, 'l', 29, 0),
('32654', 'Zyprexa', 'Nullam enim. Sed nulla ante, iaculis nec, eleifend', 'Est Limited', 359, 'kg', 42, 0),
('32792', 'Doxycycline Hyclate', 'sagittis. Nullam vitae diam. Proin dolor. Nulla semper tellus id', 'Et Corp.', 695, 'mg', 28, 0),
('32901', 'Omeprazole (Rx)', 'lacus.', 'Ac Fermentum Vel Institute', 127, 'ml', 24, 0),
('33245', 'Omeprazole (Rx)', 'a, magna. Lorem ipsum dolor sit amet, consectetuer', 'Non Sollicitudin Inc.', 622, 'mg', 14, 0),
('33272', 'Cephalexin', 'Lorem ipsum dolor sit amet, consectetuer adipiscing', 'A Enim Associates', 600, 'mg', 29, 0),
('33358', 'Gabapentin', 'arcu eu odio tristique pharetra. Quisque ac libero nec ligula', 'Dui Cum Limited', 890, 'ml', 20, 0),
('33695', 'Fluoxetine HCl', 'arcu. Curabitur ut odio vel est tempor bibendum.', 'Cras Industries', 213, 'ml', 38, 0),
('33813', 'Atenolol', 'Aenean', 'Molestie Tortor Nibh LLP', 63, 'ml', 26, 0),
('34030', 'Lorazepam', 'mauris id sapien. Cras dolor dolor, tempus non, lacinia', 'Auctor Odio A Corp.', 403, 'l', 22, 0),
('34066', 'Simvastatin', 'sed libero. Proin sed turpis nec mauris', 'Elit Nulla PC', 256, 'mg', 49, 0),
('34157', 'Flovent HFA', 'nec quam. Curabitur vel lectus. Cum sociis natoque', 'Dolor Nonummy Ac Inc.', 957, 'g', 12, 0),
('34179', 'Ciprofloxacin HCl', 'quis diam. Pellentesque habitant morbi', 'Diam Eu Limited', 259, 'l', 25, 0),
('34237', 'Lexapro', 'nisi. Mauris nulla. Integer urna. Vivamus molestie dapibus ligula. Aliquam', 'Duis Incorporated', 378, 'g', 23, 0),
('34602', 'Lisinopril', 'egestas rhoncus. Proin nisl sem, consequat nec, mollis', 'Sagittis Placerat Cras Incorporated', 671, 'ml', 50, 0),
('34628', 'Clonazepam', 'lobortis', 'Eget Metus Eu Limited', 510, 'ml', 45, 0),
('34860', 'Promethazine HCl', 'velit. Cras lorem lorem, luctus ut, pellentesque', 'Sit Amet Foundation', 554, 'ml', 32, 0),
('35466', 'Fluconazole', 'urna. Nunc quis arcu vel quam dignissim', 'Et Ltd', 830, 'g', 33, 0),
('35517', 'Omeprazole (Rx)', 'nisl arcu', 'Sed Est Inc.', 497, 'l', 34, 0),
('35846', 'Plavix', 'scelerisque neque. Nullam nisl. Maecenas malesuada fringilla est.', 'Sed Dictum Corp.', 906, 'g', 29, 0),
('36515', 'Viagra', 'lacus. Etiam', 'Leo In Lobortis Foundation', 860, 'mg', 43, 0),
('36525', 'Diovan HCT', 'sed pede nec ante', 'Risus In Mi LLC', 390, 'kg', 45, 0),
('36555', 'Atenolol', 'tempus, lorem', 'Eros Company', 181, 'kg', 46, 0),
('36963', 'Amlodipine Besylate', 'Praesent luctus. Curabitur egestas nunc sed libero.', 'Mauris Eu Turpis Foundation', 230, 'mg', 50, 0),
('37220', 'Amlodipine Besylate', 'vulputate velit eu sem. Pellentesque', 'Diam Corp.', 763, 'l', 12, 0),
('37308', 'Tri-Sprintec', 'vel arcu. Curabitur', 'Eget Metus Eu Ltd', 868, 'l', 30, 0),
('37550', 'Amlodipine Besylate', 'Curabitur', 'Faucibus Morbi Foundation', 515, 'ml', 22, 0),
('37811', 'Advair Diskus', 'faucibus orci luctus et ultrices posuere cubilia Curae Donec', 'Tristique Ac Eleifend Institute', 658, 'ml', 45, 0),
('38005', 'Lisinopril', 'Etiam ligula', 'Quis Pede PC', 973, 'g', 43, 0),
('38465', 'Amitriptyline HCl', 'eu lacus. Quisque imperdiet, erat nonummy ultricies', 'Sed Turpis Nec Foundation', 371, 'ml', 49, 0),
('38501', 'Lyrica', 'Suspendisse eleifend. Cras sed leo. Cras', 'Lectus Cum Foundation', 840, 'ml', 34, 0),
('38681', 'TriNessa', 'dictum magna. Ut tincidunt orci quis lectus. Nullam', 'Elit Associates', 227, 'g', 43, 0),
('38840', 'Simvastatin', 'Etiam', 'Eleifend PC', 840, 'ml', 40, 0),
('38950', 'Fluconazole', 'turpis nec', 'Et Ipsum Company', 201, 'kg', 47, 0),
('38965', 'Vyvanse', 'non magna.', 'Mauris Foundation', 871, 'g', 11, 0),
('39206', 'Viagra', 'nisi sem', 'Volutpat Nulla Corp.', 877, 'kg', 11, 0),
('39316', 'Celebrex', 'augue ut lacus. Nulla tincidunt, neque', 'Aliquet Metus Company', 447, 'l', 15, 0),
('39495', 'Vytorin', 'ligula. Aenean', 'Odio A Purus Consulting', 476, 'g', 23, 0),
('40191', 'Gabapentin', 'amet ultricies sem magna nec quam. Curabitur vel', 'Id Ante Dictum Corp.', 366, 'ml', 16, 0),
('40976', 'Cephalexin', 'Nunc laoreet lectus quis massa. Mauris vestibulum, neque', 'Congue Turpis In Limited', 966, 'g', 29, 0),
('41434', 'Warfarin Sodium', 'nonummy ut, molestie in, tempus eu, ligula. Aenean', 'Mattis Integer Limited', 236, 'ml', 20, 0),
('41502', 'Hydrocodone/APAP', 'lacus pede sagittis augue, eu tempor erat', 'Leo Morbi PC', 114, 'ml', 32, 0),
('41515', 'TriNessa', 'porttitor', 'Sed Et Consulting', 345, 'l', 25, 0),
('41534', 'Amoxicillin Trihydrate/Potassium Clavulanate', 'Aliquam vulputate ullamcorper magna. Sed eu', 'Enim LLC', 488, 'g', 30, 0),
('42068', 'Famotidine', 'ultrices', 'Ut Consulting', 167, 'l', 10, 0),
('42195', 'Lovaza', 'massa. Vestibulum accumsan neque et nunc. Quisque ornare tortor at', 'Quis Consulting', 197, 'ml', 17, 0),
('42289', 'Seroquel', 'nunc sit amet metus. Aliquam', 'Duis A Mi Foundation', 243, 'ml', 26, 0),
('42426', 'Tramadol HCl', 'eu arcu. Morbi sit amet', 'Aliquet Libero LLC', 300, 'ml', 40, 0),
('42634', 'Abilify', 'elit. Etiam laoreet, libero et', 'Morbi Vehicula Pellentesque Company', 849, 'mg', 16, 0),
('42762', 'Diovan HCT', 'sed, est. Nunc laoreet lectus', 'Porttitor Vulputate Incorporated', 346, 'ml', 37, 0),
('42770', 'Amlodipine Besylate', 'non lorem vitae odio sagittis semper. Nam', 'Sit Amet Ltd', 677, 'kg', 49, 0),
('42816', 'Amoxicillin', 'amet lorem semper auctor.', 'Sagittis Placerat LLC', 749, 'ml', 47, 0),
('43165', 'Prednisone', 'imperdiet dictum magna. Ut tincidunt orci quis lectus. Nullam', 'Mauris Blandit Associates', 93, 'mg', 44, 0),
('43167', 'Cyclobenzaprin HCl', 'nec', 'Sit Foundation', 700, 'ml', 14, 0),
('43227', 'Namenda', 'mi fringilla mi lacinia mattis. Integer eu lacus.', 'Tincidunt Neque Corporation', 779, 'l', 23, 0),
('43236', 'Oxycodone/APAP', 'natoque penatibus et magnis dis', 'Leo Corp.', 870, 'g', 16, 0),
('43334', 'Potassium Chloride', 'mattis velit justo nec', 'Eget Varius Consulting', 211, 'ml', 26, 0),
('43669', 'Zolpidem Tartrate', 'Duis a mi fringilla', 'Auctor Quis Tristique LLP', 367, 'kg', 31, 0),
('43772', 'Simvastatin', 'vestibulum nec, euismod in, dolor. Fusce', 'Donec Tincidunt Incorporated', 727, 'ml', 29, 0),
('43923', 'Spiriva Handihaler', 'porttitor eros nec tellus. Nunc', 'Accumsan Laoreet Industries', 463, 'kg', 20, 0),
('43967', 'Glipizide', 'Ut tincidunt vehicula risus. Nulla eget', 'Vehicula Pellentesque Inc.', 656, 'mg', 49, 0),
('44227', 'Venlafaxine HCl ER', 'ut, pellentesque eget, dictum placerat,', 'Fermentum Fermentum Institute', 614, 'kg', 17, 0),
('44249', 'Amoxicillin', 'ornare, facilisis eget, ipsum. Donec sollicitudin adipiscing', 'Faucibus Associates', 675, 'mg', 49, 0),
('44371', 'Doxycycline Hyclate', 'scelerisque neque.', 'Pellentesque A Facilisis Company', 64, 'ml', 23, 0),
('44572', 'Nasonex', 'at, libero. Morbi accumsan laoreet ipsum. Curabitur consequat,', 'Libero Incorporated', 541, 'ml', 13, 0),
('44669', 'Triamcinolone Acetonide', 'Nulla eget metus', 'Vel Industries', 567, 'ml', 13, 0),
('44967', 'Ranitidine HCl', 'In tincidunt congue turpis. In condimentum.', 'Orci Tincidunt Inc.', 925, 'l', 49, 0),
('45068', 'Crestor', 'mus. Proin vel', 'Cras Dolor LLC', 700, 'ml', 18, 0),
('45318', 'Lipitor', 'libero nec ligula', 'Dui Cras Corporation', 959, 'ml', 13, 0),
('45827', 'Zolpidem Tartrate', 'quis urna. Nunc quis arcu vel quam', 'Vivamus Euismod Institute', 71, 'g', 33, 0),
('46095', 'Tri-Sprintec', 'Praesent interdum', 'Ac Feugiat Corporation', 688, 'mg', 12, 0),
('46180', 'Carvedilol', 'eleifend vitae, erat. Vivamus nisi.', 'Vitae Diam Inc.', 796, 'ml', 23, 0),
('46212', 'Nexium', 'vel est tempor', 'Augue Eu Inc.', 769, 'ml', 43, 0),
('46614', 'Amoxicillin', 'Duis ac arcu.', 'Donec Vitae Erat LLC', 904, 'g', 23, 0),
('46632', 'Lisinopril', 'pellentesque massa lobortis ultrices. Vivamus rhoncus. Donec', 'Ac Sem Ut Ltd', 615, 'g', 41, 0),
('47026', 'Metoprolol Succinate', 'semper erat, in consectetuer ipsum nunc id enim.', 'Nulla At Industries', 31, 'mg', 40, 0),
('47056', 'Simvastatin', 'Sed id risus', 'Libero At Auctor Ltd', 613, 'mg', 18, 0),
('47138', 'Sulfamethoxazole/Trimethoprim', 'a, auctor non, feugiat nec, diam.', 'Non Egestas A Industries', 924, 'mg', 37, 0),
('47370', 'Tri-Sprintec', 'suscipit, est ac facilisis facilisis,', 'Curabitur Sed Foundation', 187, 'kg', 48, 0),
('47429', 'Clonazepam', 'amet nulla. Donec non justo. Proin', 'At Libero Morbi Associates', 584, 'kg', 46, 0),
('47439', 'Furosemide', 'dictum eu, eleifend nec,', 'Ut Eros Industries', 989, 'ml', 42, 0),
('47477', 'Albuterol', 'nec ante blandit viverra. Donec tempus, lorem', 'Ornare Lectus Foundation', 744, 'kg', 23, 0),
('47554', 'Lisinopril', 'ornare, lectus', 'Praesent Limited', 929, 'kg', 14, 0),
('47565', 'Ranitidine HCl', 'mi lorem, vehicula et, rutrum eu, ultrices sit', 'Enim Non Company', 465, 'kg', 11, 0),
('47916', 'Metformin HCl', 'sapien imperdiet ornare. In faucibus. Morbi', 'Ut Ipsum Limited', 608, 'mg', 36, 0),
('47995', 'Cymbalta', 'lobortis mauris. Suspendisse aliquet molestie tellus. Aenean egestas', 'Auctor Mauris Ltd', 213, 'kg', 48, 0),
('48486', 'Pantoprazole Sodium', 'imperdiet ornare.', 'Ante Ipsum Ltd', 56, 'kg', 12, 0),
('48864', 'Amlodipine Besylate', 'convallis convallis dolor. Quisque tincidunt pede ac urna.', 'Nam Foundation', 621, 'l', 19, 0),
('48994', 'Pantoprazole Sodium', 'ullamcorper. Duis at lacus. Quisque purus sapien, gravida non,', 'Magna Nam Ligula Industries', 109, 'kg', 35, 0),
('49040', 'Benicar', 'luctus', 'Nisi Aenean Incorporated', 288, 'kg', 20, 0),
('49226', 'Abilify', 'venenatis lacus. Etiam bibendum fermentum metus. Aenean sed pede nec', 'Lacinia Mattis Integer Company', 682, 'kg', 27, 0),
('49295', 'Fluticasone Propionate', 'luctus vulputate, nisi sem semper erat, in consectetuer', 'Per Conubia Nostra Limited', 118, 'l', 46, 0),
('49447', 'Atenolol', 'et magnis dis parturient montes, nascetur ridiculus mus. Proin', 'Elit LLP', 191, 'kg', 44, 0),
('49606', 'Pantoprazole Sodium', 'vestibulum lorem, sit amet ultricies sem magna', 'Adipiscing LLC', 668, 'ml', 35, 0),
('50110', 'Celebrex', 'consequat enim diam vel arcu. Curabitur ut odio', 'Odio Foundation', 735, 'ml', 14, 0),
('50165', 'Diovan HCT', 'Quisque ornare tortor at risus. Nunc ac sem ut dolor', 'Urna Foundation', 136, 'l', 40, 0),
('50226', 'Levoxyl', 'ornare. In faucibus. Morbi vehicula. Pellentesque tincidunt tempus risus. Donec', 'Aliquam LLC', 774, 'ml', 34, 0),
('50345', 'Potassium Chloride', 'consequat enim diam vel arcu.', 'Nunc Sed Pede Ltd', 847, 'l', 20, 0),
('50698', 'Alendronate Sodium', 'nulla magna, malesuada vel, convallis in, cursus et, eros. Proin', 'Mauris Corporation', 887, 'mg', 42, 0),
('50771', 'Vitamin D (Rx)', 'risus. Donec egestas. Aliquam nec', 'Nulla Facilisis Suspendisse Ltd', 396, 'g', 30, 0),
('50828', 'Fluoxetine HCl', 'orci tincidunt adipiscing. Mauris molestie pharetra nibh. Aliquam ornare, libero', 'Euismod Et Corp.', 391, 'g', 39, 0),
('50934', 'Fluoxetine HCl', 'eu', 'Tincidunt Pede Ac Limited', 328, 'l', 48, 0),
('51263', 'Carvedilol', 'dolor egestas rhoncus. Proin nisl', 'Imperdiet Nec Corporation', 429, 'mg', 49, 0),
('51504', 'Advair Diskus', 'at fringilla purus', 'At Arcu Vestibulum LLC', 376, 'kg', 33, 0),
('52130', 'Metformin HCl', 'consequat', 'Ut Dolor Dapibus Institute', 154, 'g', 37, 0),
('52328', 'Plavix', 'pellentesque,', 'At Auctor Ullamcorper LLC', 193, 'l', 42, 0),
('52524', 'Lisinopril', 'risus. Donec nibh enim, gravida', 'Odio Semper Company', 184, 'l', 16, 0),
('52571', 'Hydrocodone/APAP', 'turpis egestas. Fusce aliquet magna', 'Nonummy Ultricies Incorporated', 925, 'kg', 11, 0),
('52732', 'Metformin HCl', 'ridiculus mus. Aenean eget magna. Suspendisse tristique neque', 'Est Nunc Ullamcorper Consulting', 111, 'l', 33, 0),
('52767', 'LevothyroxineSodium', 'Donec feugiat metus sit amet ante. Vivamus', 'Pede Consulting', 49, 'kg', 38, 0),
('53009', 'Bystolic', 'ligula. Aenean euismod mauris eu elit. Nulla facilisi. Sed', 'Vel Institute', 585, 'ml', 15, 0),
('53042', 'Levaquin', 'dolor dapibus gravida. Aliquam tincidunt, nunc ac mattis ornare,', 'Senectus Ltd', 248, 'g', 28, 0),
('53179', 'Prednisone', 'Suspendisse', 'Vulputate Ltd', 53, 'ml', 37, 0),
('53295', 'Carvedilol', 'Pellentesque tincidunt tempus risus. Donec egestas. Duis ac', 'Magna Nec Consulting', 723, 'l', 35, 0),
('53399', 'Endocet', 'augue malesuada malesuada. Integer id magna et ipsum cursus vestibulum.', 'Odio Aliquam Industries', 363, 'g', 19, 0),
('53780', 'Simvastatin', 'ultricies sem magna nec quam.', 'Cum PC', 619, 'ml', 17, 0),
('53781', 'Plavix', 'sem. Pellentesque ut', 'Egestas Sed Pharetra Inc.', 733, 'g', 25, 0),
('53824', 'Furosemide', 'risus odio, auctor vitae, aliquet nec, imperdiet', 'Cubilia Ltd', 673, 'mg', 33, 0),
('53838', 'Nuvaring', 'at auctor ullamcorper, nisl arcu iaculis', 'Duis Elementum Dui PC', 169, 'l', 31, 0),
('54125', 'Prednisone', 'vulputate ullamcorper', 'Vestibulum Associates', 81, 'l', 29, 0),
('54562', 'Alendronate Sodium', 'sodales purus, in molestie tortor', 'Integer Tincidunt Corp.', 992, 'mg', 44, 0),
('54618', 'TriNessa', 'ultrices. Vivamus', 'Nec Ltd', 136, 'mg', 48, 0),
('54861', 'Lantus', 'ut, pellentesque eget, dictum placerat, augue.', 'Ante Bibendum Institute', 716, 'l', 50, 0),
('54947', 'Enalapril Maleate', 'per conubia nostra, per inceptos hymenaeos.', 'Ultricies Ornare Foundation', 565, 'g', 24, 0),
('55082', 'Premarin', 'mauris, rhoncus id, mollis nec, cursus a, enim. Suspendisse aliquet,', 'Ac Arcu Nunc Company', 555, 'l', 33, 0),
('55222', 'Metoprolol Succinatee', 'auctor velit. Aliquam nisl. Nulla eu neque', 'Urna Vivamus Limited', 294, 'kg', 36, 0),
('55328', 'Fluconazole', 'orci lobortis augue scelerisque mollis. Phasellus libero mauris, aliquam eu,', 'Egestas Corp.', 958, 'mg', 11, 0),
('55502', 'Premarin', 'elit sed consequat auctor, nunc nulla', 'Praesent Industries', 633, 'kg', 50, 0),
('55963', 'Glipizide', 'convallis,', 'Mi Lorem Vehicula Ltd', 70, 'mg', 26, 0),
('56300', 'Tri-Sprintec', 'tincidunt orci quis lectus. Nullam suscipit, est ac', 'Felis Industries', 945, 'ml', 32, 0),
('56339', 'Carisoprodol', 'Integer sem elit, pharetra ut, pharetra sed, hendrerit', 'Enim Consulting', 389, 'mg', 46, 0),
('56612', 'LevothyroxineSodium', 'id magna et ipsum cursus vestibulum. Mauris magna.', 'Per Associates', 535, 'l', 18, 0),
('56707', 'Doxycycline Hyclate', 'enim nec tempus scelerisque, lorem', 'Eu Placerat Eget LLC', 402, 'l', 16, 0),
('56784', 'Gabapentin', 'dapibus ligula. Aliquam', 'Natoque Consulting', 183, 'mg', 12, 0),
('56823', 'Zyprexa', 'metus facilisis lorem tristique aliquet. Phasellus fermentum', 'Risus Nulla Eget Incorporated', 527, 'l', 24, 0),
('57481', 'Methylprednisolone', 'bibendum ullamcorper. Duis cursus, diam at pretium', 'Egestas Duis Ac Incorporated', 859, 'kg', 11, 0),
('57523', 'Endocet', 'risus. Donec', 'Eleifend Cras Sed Limited', 214, 'mg', 48, 0),
('57684', 'Levoxyl', 'sit amet massa. Quisque porttitor eros nec tellus. Nunc lectus', 'A Facilisis Non Ltd', 84, 'kg', 40, 0),
('57781', 'Vyvanse', 'consectetuer rhoncus. Nullam velit dui, semper et, lacinia', 'Nec Eleifend LLC', 11, 'mg', 24, 0),
('57867', 'Simvastatin', 'Fusce mollis.', 'Pellentesque LLC', 419, 'kg', 48, 0),
('58022', 'Flovent HFA', 'risus. Nunc ac sem ut', 'Pellentesque Massa Lobortis Foundation', 233, 'mg', 50, 0),
('58574', 'Furosemide', 'elit. Aliquam auctor, velit eget laoreet posuere, enim', 'Sapien Cras Dolor Institute', 808, 'mg', 15, 0),
('58703', 'Furosemide', 'ac', 'Ultrices Posuere Cubilia Foundation', 500, 'ml', 24, 0),
('58734', 'Digoxin', 'eu dui. Cum sociis natoque penatibus', 'Ac Ipsum Ltd', 342, 'l', 47, 0),
('58787', 'Venlafaxine HCl ER', 'Nullam suscipit, est', 'Aliquet Nec Institute', 436, 'kg', 47, 0),
('59463', 'Lantus Solostar', 'non nisi. Aenean eget metus. In', 'Pede Foundation', 113, 'mg', 30, 0),
('59522', 'Vyvanse', 'egestas. Aliquam fringilla cursus purus. Nullam scelerisque neque sed sem', 'Integer Id Incorporated', 268, 'g', 38, 0),
('59682', 'Amitriptyline HCl', 'Etiam imperdiet', 'Neque Venenatis Foundation', 353, 'kg', 46, 0),
('59683', 'Penicillin VK', 'Curabitur sed tortor. Integer aliquam adipiscing lacus.', 'Quisque Porttitor Eros LLC', 913, 'ml', 44, 0),
('59784', 'Amoxicillin Trihydrate/Potassium Clavulanate', 'libero. Integer in magna.', 'Adipiscing Associates', 867, 'kg', 26, 0),
('59983', 'Vyvanse', 'sit amet ornare lectus justo eu', 'Massa Non LLP', 782, 'mg', 15, 0),
('60081', 'Allopurinol', 'rutrum, justo. Praesent luctus. Curabitur egestas nunc sed libero. Proin', 'Dictum Corporation', 769, 'l', 39, 0),
('60473', 'Ciprofloxacin HCl', 'mollis lectus pede et risus. Quisque libero', 'Amet Ornare Lectus LLP', 191, 'g', 39, 0),
('60585', 'Cephalexin', 'ornare, libero at auctor ullamcorper, nisl arcu iaculis enim,', 'At Libero Morbi PC', 185, 'l', 15, 0),
('60853', 'Alendronate Sodium', 'lorem, vehicula et, rutrum', 'Mus Aenean Eget LLC', 751, 'mg', 17, 0),
('61194', 'Alprazolam', 'ligula. Nullam feugiat placerat', 'Sollicitudin A Inc.', 941, 'mg', 40, 0),
('61251', 'Triamterene/Hydrochlorothiazide', 'in consequat enim diam vel arcu. Curabitur ut', 'A Magna Incorporated', 153, 'l', 28, 0),
('61290', 'Trazodone HCl', 'tempor bibendum. Donec felis orci, adipiscing non,', 'Sit Amet Massa Consulting', 277, 'mg', 34, 0),
('61322', 'Lorazepam', 'mollis.', 'Hendrerit Ltd', 79, 'kg', 14, 0),
('61601', 'Atenolol', 'erat volutpat. Nulla dignissim. Maecenas ornare egestas ligula.', 'Vulputate Eu Ltd', 238, 'mg', 50, 0),
('62028', 'Vyvanse', 'eu, euismod ac, fermentum vel, mauris. Integer sem', 'Morbi PC', 700, 'mg', 23, 0),
('62217', 'Tramadol HCl', 'amet massa. Quisque', 'Mauris Magna Institute', 577, 'kg', 43, 0),
('62219', 'Fluticasone Propionate', 'Etiam bibendum fermentum metus. Aenean sed pede', 'At Arcu Corp.', 775, 'mg', 24, 0),
('62265', 'Oxycodone/APAP', 'Nulla interdum. Curabitur dictum. Phasellus in felis. Nulla tempor augue', 'Enim Ltd', 308, 'ml', 21, 0),
('62271', 'Promethazine HCl', 'ultricies adipiscing, enim mi tempor', 'Duis Cursus Diam Company', 589, 'l', 34, 0),
('62282', 'Viagra', 'lectus convallis est,', 'Phasellus Dapibus Quam Company', 613, 'l', 32, 0),
('62584', 'Lidoderm', 'interdum feugiat. Sed nec metus facilisis lorem', 'Augue Incorporated', 205, 'mg', 25, 0),
('62859', 'Prednisone', 'neque sed sem egestas blandit. Nam nulla', 'Ligula Nullam Institute', 649, 'mg', 19, 0),
('63392', 'Nasonex', 'urna. Ut tincidunt vehicula risus. Nulla eget metus', 'Sollicitudin Institute', 886, 'kg', 35, 0),
('63573', 'Sertraline HCl', 'feugiat tellus', 'Vitae Corp.', 59, 'l', 48, 0),
('63845', 'Diazepam', 'lorem, vehicula', 'Magna Ut Tincidunt LLP', 503, 'ml', 39, 0),
('63871', 'Simvastatin', 'sed,', 'Lobortis Institute', 645, 'kg', 35, 0),
('63930', 'Amoxicillin', 'neque. Sed eget lacus. Mauris non', 'Elementum Dui LLP', 385, 'g', 33, 0),
('64088', 'Proair HFA', 'lorem fringilla', 'Quis Diam Corp.', 286, 'kg', 44, 0),
('64404', 'Hydrocodone/APAP', 'Nullam velit dui, semper et, lacinia vitae, sodales', 'Arcu Ac Associates', 945, 'mg', 40, 0),
('64471', 'Amlodipine Besylate', 'malesuada. Integer id magna et', 'Suspendisse Commodo PC', 164, 'kg', 45, 0),
('64472', 'Lorazepam', 'dolor sit amet, consectetuer adipiscing elit. Etiam laoreet,', 'A Dui Cras PC', 442, 'mg', 36, 0),
('64490', 'Alprazolam', 'ullamcorper viverra. Maecenas iaculis aliquet diam. Sed diam lorem,', 'Mattis Limited', 737, 'g', 43, 0),
('64633', 'Simvastatin', 'pellentesque massa lobortis ultrices. Vivamus rhoncus. Donec est. Nunc', 'Pellentesque Tellus Inc.', 490, 'mg', 13, 0),
('64744', 'Metformin HCl', 'et', 'Ridiculus Mus Company', 873, 'mg', 11, 0),
('64819', 'Simvastatin', 'eu arcu. Morbi sit amet', 'Et Inc.', 323, 'l', 23, 0),
('64956', 'Namenda', 'ac turpis egestas. Fusce aliquet magna a neque.', 'Libero Incorporated', 117, 'l', 49, 0),
('65147', 'Lisinopril', 'luctus sit amet, faucibus ut, nulla. Cras eu tellus eu', 'Mauris Suspendisse Aliquet Ltd', 430, 'l', 20, 0),
('65199', 'Amoxicillin', 'a, facilisis non, bibendum sed, est.', 'Erat Consulting', 375, 'ml', 18, 0),
('65256', 'Promethazine HCl', 'sed, facilisis vitae, orci. Phasellus dapibus', 'Dui In Sodales Corp.', 851, 'kg', 15, 0),
('65788', 'Triamterene/Hydrochlorothiazide', 'quis turpis vitae purus gravida sagittis.', 'Dis Industries', 738, 'g', 10, 0),
('65861', 'Penicillin VK', 'mus. Proin vel', 'Enim Nec Tempus Associates', 537, 'l', 43, 0),
('66143', 'Prednisone', 'a neque. Nullam ut nisi', 'Eu Incorporated', 39, 'ml', 35, 0),
('66155', 'Niaspan', 'in aliquet lobortis, nisi nibh lacinia orci, consectetuer euismod', 'Felis Orci Industries', 164, 'ml', 31, 0),
('66382', 'Paroxetine HCl', 'risus a ultricies adipiscing, enim', 'Accumsan Industries', 825, 'l', 27, 0),
('66403', 'Symbicort', 'dictum eu, eleifend nec, malesuada ut, sem. Nulla interdum. Curabitur', 'Vitae Company', 757, 'ml', 23, 0),
('66458', 'Ibuprofen (Rx)', 'metus', 'Tellus PC', 61, 'kg', 37, 0),
('66478', 'Cyclobenzaprin HCl', 'lectus sit amet luctus vulputate, nisi sem semper', 'Aliquam Tincidunt Company', 769, 'g', 27, 0),
('66494', 'Vytorin', 'scelerisque', 'Magna A Institute', 728, 'kg', 41, 0),
('66844', 'Zolpidem Tartrate', 'enim commodo hendrerit. Donec', 'Proin Inc.', 76, 'kg', 14, 0),
('66897', 'Tramadol HCl', 'id sapien. Cras dolor dolor, tempus non, lacinia at, iaculis', 'Ut Semper LLP', 626, 'l', 27, 0),
('67061', 'Warfarin Sodium', 'Nam tempor diam', 'Et Malesuada LLP', 491, 'mg', 34, 0),
('67518', 'Methylprednisolone', 'facilisis facilisis, magna tellus faucibus leo, in lobortis tellus justo', 'Ante Dictum Consulting', 498, 'kg', 47, 0),
('67657', 'Metoprolol Tartrate ', 'Aliquam erat volutpat. Nulla dignissim. Maecenas', 'Primis In Institute', 965, 'l', 33, 0),
('67716', 'Vyvanse', 'netus et malesuada fames', 'Est Nunc PC', 231, 'ml', 14, 0),
('67879', 'Glyburide', 'rutrum urna, nec luctus felis purus', 'Risus Donec LLC', 46, 'mg', 18, 0),
('67893', 'Klor-Con M20', 'ridiculus mus. Proin vel nisl. Quisque fringilla euismod enim.', 'Molestie Arcu LLP', 423, 'l', 16, 0),
('67999', 'Lisinopril', 'montes, nascetur ridiculus mus. Aenean eget magna.', 'Nec Luctus Felis Company', 848, 'ml', 43, 0),
('68031', 'Promethazine HCl', 'aliquam iaculis, lacus', 'Diam Industries', 748, 'kg', 38, 0),
('68257', 'Tri-Sprintec', 'magna. Suspendisse tristique neque venenatis lacus. Etiam bibendum fermentum metus.', 'Ornare Sagittis Incorporated', 967, 'l', 22, 0),
('68288', 'Prednisone', 'Proin dolor. Nulla semper tellus id nunc interdum', 'Nec Mollis Vitae Company', 279, 'kg', 15, 0),
('68662', 'Diazepam', 'nunc', 'Montes Nascetur LLC', 790, 'l', 20, 0),
('69021', 'Atenolol', 'aliquet nec, imperdiet nec,', 'Arcu Imperdiet Ullamcorper Industries', 101, 'kg', 29, 0),
('69276', 'Prednisone', 'in, hendrerit consectetuer, cursus', 'Semper Pretium Neque Company', 507, 'kg', 36, 0),
('69285', 'Alendronate Sodium', 'Mauris nulla. Integer urna. Vivamus molestie dapibus ligula. Aliquam', 'Dui Nec Associates', 349, 'ml', 11, 0),
('69297', 'Clindamycin HCl', 'interdum. Sed auctor odio', 'Nisi A Odio Associates', 931, 'mg', 21, 0),
('69572', 'Pantoprazole Sodium', 'in, hendrerit consectetuer, cursus et, magna. Praesent interdum', 'A Limited', 376, 'kg', 16, 0),
('69694', 'Amoxicillin', 'massa. Vestibulum accumsan neque et nunc. Quisque ornare tortor', 'Luctus LLC', 446, 'l', 23, 0),
('69867', 'Metoprolol Succinate', 'sodales nisi magna sed dui. Fusce', 'Amet Ltd', 798, 'ml', 15, 0),
('70036', 'Ibuprofen (Rx)', 'faucibus', 'Ac Company', 502, 'ml', 26, 0),
('70087', 'Premarin', 'vitae dolor.', 'Nunc Ut Erat Inc.', 453, 'mg', 19, 0),
('70119', 'Triamterene/Hydrochlorothiazide', 'auctor', 'Fringilla Porttitor LLC', 636, 'g', 23, 0),
('70165', 'Lorazepam', 'euismod ac,', 'Sit Associates', 448, 'mg', 25, 0),
('70271', 'Metformin HCl', 'lectus. Cum sociis natoque penatibus et', 'Auctor Velit Incorporated', 762, 'mg', 24, 0),
('70499', 'Ventolin HFA', 'non', 'Quam Inc.', 920, 'ml', 48, 0),
('70535', 'Furosemide', 'auctor vitae, aliquet nec, imperdiet nec, leo. Morbi', 'Vel Convallis In Industries', 957, 'mg', 33, 0),
('70606', 'Amphetamine Salts', 'quis, tristique ac, eleifend vitae,', 'Ac Turpis Institute', 153, 'ml', 45, 0),
('70629', 'Amitriptyline HCl', 'at sem molestie sodales. Mauris blandit enim consequat', 'Nonummy Ut Limited', 733, 'l', 22, 0),
('70670', 'Amoxicillin', 'dictum. Proin eget odio. Aliquam vulputate ullamcorper magna.', 'Orci PC', 862, 'mg', 28, 0),
('70766', 'Advair Diskus', 'neque. Nullam nisl. Maecenas malesuada', 'Nunc Incorporated', 31, 'kg', 31, 0),
('70827', 'Furosemide', 'nisi a', 'Phasellus Vitae Mauris Corp.', 546, 'g', 23, 0),
('70904', 'Omeprazole (Rx)', 'non magna. Nam ligula elit, pretium et, rutrum', 'Lectus Ante Dictum Institute', 159, 'mg', 25, 0),
('71097', 'Amlodipine Besylate', 'blandit', 'Proin Inc.', 738, 'kg', 39, 0),
('71183', 'Digoxin', 'Curabitur ut odio vel est', 'Maecenas Ornare Egestas Inc.', 183, 'ml', 48, 0),
('71581', 'Levaquin', 'ornare egestas ligula. Nullam feugiat placerat velit. Quisque varius.', 'Elit Pharetra Ut Foundation', 83, 'kg', 25, 0),
('71738', 'Meloxicam', 'dolor, nonummy ac, feugiat non, lobortis quis, pede.', 'Nisl Sem Consequat Ltd', 437, 'ml', 13, 0),
('71872', 'Tricor', 'turpis non enim. Mauris quis turpis', 'Ac Mattis Foundation', 967, 'l', 34, 0),
('71902', 'Alprazolam', 'vel turpis.', 'Ultrices Institute', 57, 'g', 38, 0),
('72544', 'Sulfamethoxazole/Trimethoprim', 'eleifend, nunc', 'Leo Morbi Neque Ltd', 407, 'mg', 29, 0),
('72714', 'Celebrex', 'amet, consectetuer adipiscing elit. Aliquam auctor,', 'Non Lorem Vitae LLP', 943, 'mg', 24, 0),
('72789', 'Amoxicillin', 'urna justo faucibus lectus, a sollicitudin', 'Vel Pede Limited', 258, 'g', 10, 0),
('72815', 'Tramadol HCl', 'fames', 'Ullamcorper Company', 775, 'mg', 50, 0),
('72885', 'Atenolol', 'aliquet nec, imperdiet nec, leo.', 'Ac Corp.', 896, 'l', 22, 0),
('72991', 'Azithromycin', 'dapibus id, blandit', 'Feugiat Nec Diam Incorporated', 485, 'kg', 36, 0),
('73102', 'Gabapentin', 'ipsum', 'Quam Vel Inc.', 367, 'kg', 26, 0),
('73235', 'Abilify', 'scelerisque', 'Adipiscing Associates', 728, 'mg', 18, 0),
('73358', 'Symbicort', 'dapibus', 'Cursus Nunc Institute', 920, 'mg', 10, 0),
('73529', 'Nuvaring', 'Cras eget nisi', 'Nisi Aenean Company', 125, 'l', 35, 0),
('73530', 'Folic Acid', 'vitae nibh. Donec est mauris, rhoncus id, mollis nec,', 'Duis Cursus Diam Institute', 257, 'kg', 31, 0),
('73804', 'Amphetamine Salts', 'Duis sit amet diam', 'Egestas Associates', 161, 'mg', 42, 0),
('73911', 'Meloxicam', 'lacus. Aliquam rutrum lorem ac risus. Morbi metus. Vivamus euismod', 'Augue Ac Ipsum Incorporated', 737, 'g', 17, 0),
('74011', 'Cyclobenzaprin HCl', 'blandit mattis. Cras eget nisi dictum augue', 'Ante Dictum Cursus Company', 263, 'mg', 26, 0),
('74233', 'Diazepam', 'tortor, dictum eu, placerat eget, venenatis a, magna. Lorem', 'Phasellus LLC', 482, 'ml', 16, 0),
('74247', 'Atenolol', 'amet massa. Quisque porttitor eros nec tellus. Nunc lectus pede,', 'Iaculis Lacus Pede LLC', 772, 'mg', 22, 0),
('74291', 'Gabapentin', 'aliquam, enim nec tempus scelerisque, lorem ipsum sodales purus,', 'Non Vestibulum Industries', 515, 'ml', 11, 0),
('74383', 'Alprazolam', 'malesuada fames ac turpis egestas.', 'Mattis Associates', 391, 'g', 35, 0),
('74514', 'Azithromycin', 'luctus et ultrices posuere cubilia Curae Donec tincidunt. Donec', 'Nec Limited', 264, 'g', 23, 0),
('74547', 'Alprazolam', 'erat, in consectetuer ipsum', 'Feugiat Institute', 93, 'ml', 23, 0),
('74713', 'Prednisone', 'Curabitur consequat, lectus sit', 'Elementum At Egestas Inc.', 940, 'g', 10, 0),
('74891', 'Nasonex', 'nisl. Nulla eu neque pellentesque massa', 'Pharetra Sed Hendrerit PC', 894, 'l', 35, 0),
('75407', 'Lorazepam', 'lacinia mattis. Integer eu lacus.', 'Ut Erat Inc.', 878, 'kg', 15, 0),
('75532', 'Fluoxetine HCl', 'lectus justo eu arcu. Morbi sit amet massa.', 'Donec Foundation', 577, 'ml', 29, 0),
('75768', 'Ibuprofen (Rx)', 'Etiam vestibulum massa', 'Mauris A Nunc Corporation', 486, 'g', 45, 0),
('75780', 'Ibuprofen (Rx)', 'feugiat tellus lorem eu metus.', 'Lectus Corporation', 734, 'ml', 27, 0),
('75856', 'Omeprazole (Rx)', 'sit amet orci.', 'Tincidunt Tempus Corp.', 37, 'ml', 43, 0),
('76003', 'Alprazolam', 'vitae aliquam eros', 'Neque Vitae Semper Company', 871, 'l', 31, 0),
('76023', 'Tamsulosin HCl', 'Sed molestie. Sed id risus quis diam luctus', 'Eleifend Non Incorporated', 381, 'g', 28, 0),
('76246', 'Endocet', 'sapien. Cras dolor dolor, tempus non, lacinia at,', 'Pellentesque Sed Dictum Corp.', 247, 'l', 47, 0),
('76475', 'Vyvanse', 'nonummy ultricies ornare, elit elit fermentum risus,', 'Semper Rutrum Corp.', 670, 'kg', 47, 0),
('76854', 'Gabapentin', 'ut', 'Erat Vivamus Nisi LLP', 715, 'kg', 43, 0),
('77020', 'Furosemide', 'sem semper erat, in consectetuer ipsum nunc id', 'Nullam Scelerisque Neque Company', 311, 'g', 39, 0),
('77051', 'Bystolic', 'iaculis, lacus pede sagittis', 'Nulla Ante Iaculis Foundation', 845, 'l', 27, 0),
('77146', 'Premarin', 'vulputate, risus a ultricies adipiscing,', 'Leo In Lobortis Industries', 564, 'l', 21, 0);
INSERT INTO `product` (`productID`, `productName`, `productDescription`, `productBrand`, `productStrength`, `productType`, `productMinStock`, `customPrice`) VALUES
('77204', 'Tamsulosin HCl', 'elit, pharetra ut, pharetra sed, hendrerit a, arcu.', 'Etiam Bibendum Inc.', 421, 'kg', 15, 0),
('77408', 'Promethazine HCl', 'at, nisi. Cum sociis natoque penatibus et magnis dis', 'Sit Company', 562, 'g', 48, 0),
('77571', 'Fluticasone Propionate', 'Mauris ut', 'Venenatis Vel Faucibus Inc.', 456, 'g', 24, 0),
('77933', 'Lisinopril', 'in, tempus', 'Lorem Ipsum Sodales Foundation', 472, 'ml', 16, 0),
('78137', 'Lantus', 'commodo auctor velit. Aliquam nisl. Nulla eu', 'Lacus Nulla Tincidunt Consulting', 767, 'l', 28, 0),
('78328', 'Tricor', 'sapien. Cras dolor dolor, tempus non, lacinia at, iaculis', 'Ut Pellentesque Eget Foundation', 897, 'mg', 46, 0),
('78380', 'Glipizide', 'Duis gravida. Praesent eu', 'Pharetra Institute', 165, 'l', 10, 0),
('78385', 'Sertraline HCl', 'metus vitae', 'Nisi Magna Sed LLC', 771, 'mg', 17, 0),
('78453', 'Simvastatin', 'vel est tempor bibendum.', 'Dictum Industries', 763, 'kg', 46, 0),
('78758', 'Oxycodone HCl', 'semper et, lacinia vitae, sodales at,', 'Justo Corp.', 843, 'l', 24, 0),
('78817', 'Potassium Chloride', 'nulla. In tincidunt congue turpis.', 'Auctor Nunc Nulla Corp.', 141, 'ml', 13, 0),
('79117', 'Omeprazole (Rx)', 'nec ante blandit', 'Cum Sociis Natoque Institute', 140, 'l', 16, 0),
('79312', 'Warfarin Sodium', 'ridiculus mus. Proin vel nisl. Quisque fringilla euismod', 'Vel Est Tempor Incorporated', 418, 'kg', 43, 0),
('79341', 'Lorazepam', 'laoreet lectus quis massa. Mauris vestibulum, neque sed', 'Nisl Nulla Consulting', 315, 'ml', 24, 0),
('79415', 'Simvastatin', 'nunc. Quisque ornare tortor at risus. Nunc', 'Ipsum Ltd', 608, 'g', 11, 0),
('79445', 'Clindamycin HCl', 'sodales elit erat vitae risus. Duis a mi fringilla mi', 'Malesuada Vel Convallis Incorporated', 779, 'ml', 15, 0),
('79540', 'Lovaza', 'sem elit, pharetra ut, pharetra sed, hendrerit a, arcu. Sed', 'Aliquam Erat Volutpat LLC', 292, 'l', 41, 0),
('79656', 'Hydrocodone/APAP', 'nulla ante, iaculis nec, eleifend non, dapibus rutrum, justo.', 'Parturient Inc.', 179, 'kg', 28, 0),
('80079', 'Lidoderm', 'Ut nec urna et arcu imperdiet ullamcorper. Duis at lacus.', 'Nisi Incorporated', 731, 'g', 23, 0),
('80125', 'Cialis', 'Aliquam nec enim. Nunc ut', 'Scelerisque Mollis Corporation', 159, 'ml', 45, 0),
('80695', 'Zolpidem Tartrate', 'netus', 'Quisque Foundation', 726, 'g', 27, 0),
('80783', 'Diovan', 'mauris id', 'Interdum Feugiat Sed Industries', 721, 'l', 19, 0),
('80791', 'Metoprolol Succinate', 'enim, sit', 'Cras Dictum Inc.', 993, 'l', 36, 0),
('80891', 'Warfarin Sodium', 'tempor, est ac mattis', 'Donec Felis Orci Company', 451, 'l', 43, 0),
('80964', 'Amoxicillin', 'scelerisque sed, sapien. Nunc pulvinar arcu et pede.', 'Sit Amet Massa Corporation', 678, 'l', 32, 0),
('81003', 'Metformin HCl', 'lorem ac', 'At Risus Foundation', 458, 'kg', 17, 0),
('81103', 'Fluconazole', 'Nunc lectus pede, ultrices a, auctor non,', 'A LLP', 935, 'ml', 17, 0),
('81191', 'Promethazine HCl', 'Ut semper pretium neque. Morbi quis urna.', 'Libero Lacus Varius Corp.', 724, 'l', 15, 0),
('81271', 'Lisinopril/Hydrochlorothiazide', 'dui. Fusce aliquam, enim nec tempus scelerisque, lorem ipsum', 'Bibendum Associates', 952, 'g', 22, 0),
('81383', 'Lisinopril', 'enim. Nunc ut erat. Sed nunc est, mollis non,', 'Sociosqu Ad Litora PC', 194, 'l', 40, 0),
('81522', 'Simvastatin', 'a nunc. In at', 'Aliquet Consulting', 737, 'g', 18, 0),
('81648', 'Ciprofloxacin HCl', 'aliquet libero. Integer in', 'Fringilla Purus Mauris Limited', 323, 'g', 40, 0),
('81801', 'Azithromycin', 'dapibus ligula. Aliquam erat volutpat. Nulla dignissim.', 'Tortor Nibh Sit LLP', 718, 'l', 37, 0),
('81813', 'Zolpidem Tartrate', 'erat nonummy ultricies ornare, elit', 'Convallis Convallis PC', 994, 'ml', 49, 0),
('82224', 'Lisinopril/Hydrochlorothiazide', 'Sed nec metus facilisis', 'Ornare Limited', 517, 'mg', 24, 0),
('82735', 'Prednisone', 'elit, pharetra ut, pharetra sed, hendrerit a, arcu. Sed et', 'Nunc Nulla Industries', 242, 'kg', 26, 0),
('83093', 'Alendronate Sodium', 'ornare egestas', 'Gravida Nunc Industries', 830, 'ml', 36, 0),
('83124', 'Lisinopril', 'Integer aliquam adipiscing lacus. Ut nec urna et', 'Sapien Nunc Consulting', 398, 'l', 25, 0),
('83145', 'Metformin HCl', 'vitae, posuere at,', 'Odio Industries', 753, 'ml', 17, 0),
('83298', 'Glipizide', 'ridiculus mus. Aenean eget magna. Suspendisse tristique', 'Malesuada Id Erat Industries', 134, 'kg', 25, 0),
('83381', 'Sertraline HCl', 'ornare. In faucibus. Morbi vehicula. Pellentesque tincidunt tempus', 'Justo Industries', 631, 'mg', 39, 0),
('83449', 'Benicar', 'ligula. Donec luctus aliquet odio. Etiam', 'Varius Inc.', 263, 'l', 14, 0),
('83836', 'Glyburide', 'urna. Nullam lobortis', 'Nunc Institute', 639, 'mg', 32, 0),
('83892', 'Omeprazole (Rx)', 'ligula. Aliquam erat', 'Ligula Eu Corporation', 172, 'ml', 31, 0),
('83941', 'Lantus Solostar', 'condimentum. Donec at arcu.', 'Maecenas Malesuada Fringilla LLC', 138, 'ml', 16, 0),
('83973', 'Levoxyl', 'erat volutpat. Nulla facilisis. Suspendisse commodo tincidunt nibh.', 'Bibendum Associates', 935, 'l', 22, 0),
('84085', 'Furosemide', 'sodales. Mauris blandit enim consequat', 'Facilisi Sed Ltd', 858, 'ml', 35, 0),
('84220', 'Tricor', 'In mi pede, nonummy ut,', 'Cursus Diam At Institute', 23, 'l', 46, 0),
('84491', 'Potassium Chloride', 'purus gravida sagittis. Duis', 'Nunc Pulvinar Arcu Corporation', 849, 'ml', 49, 0),
('84519', 'Diovan HCT', 'faucibus ut, nulla. Cras eu tellus eu augue porttitor interdum.', 'Lectus Consulting', 860, 'mg', 32, 0),
('84585', 'Alprazolam', 'eu nibh vulputate mauris sagittis placerat. Cras dictum ultricies ligula.', 'Magnis Dis Parturient Consulting', 700, 'ml', 41, 0),
('84813', 'Lisinopril', 'nascetur ridiculus mus. Proin vel arcu eu odio', 'Fringilla Mi Limited', 913, 'ml', 43, 0),
('84883', 'Amoxicillin', 'molestie', 'Et Euismod Et Company', 942, 'ml', 35, 0),
('84916', 'Doxycycline Hyclate', 'nonummy ac, feugiat non, lobortis quis, pede. Suspendisse', 'Nam Consequat Dolor Limited', 943, 'g', 37, 0),
('85147', 'Alprazolam', 'enim consequat purus. Maecenas libero est, congue a,', 'Magna A Inc.', 665, 'ml', 39, 0),
('85270', 'Pantoprazole Sodium', 'malesuada malesuada. Integer id magna', 'Aenean Associates', 160, 'l', 21, 0),
('85308', 'Metoprolol Succinate', 'orci luctus et ultrices posuere cubilia Curae', 'Velit Quisque Varius Company', 636, 'ml', 34, 0),
('85866', 'Glipizide', 'Pellentesque ultricies dignissim lacus. Aliquam rutrum lorem ac risus. Morbi', 'In Foundation', 155, 'ml', 47, 0),
('85954', 'Furosemide', 'Aenean eget magna. Suspendisse', 'Nullam Nisl Industries', 73, 'mg', 44, 0),
('85982', 'Cymbalta', 'ridiculus mus. Proin vel arcu', 'Et Malesuada LLC', 70, 'ml', 29, 0),
('86052', 'Amitriptyline HCl', 'rutrum urna, nec luctus felis purus ac tellus.', 'Vitae Ltd', 369, 'ml', 47, 0),
('86282', 'Hydrocodone/APAP', 'vulputate, posuere vulputate, lacus.', 'Turpis Institute', 839, 'ml', 29, 0),
('86329', 'Azithromycin', 'elementum', 'Commodo Limited', 740, 'g', 46, 0),
('86568', 'Furosemide', 'Cras eget nisi dictum augue malesuada malesuada. Integer id', 'Ligula Corp.', 729, 'l', 41, 0),
('86667', 'Cephalexin', 'magna. Sed eu eros. Nam consequat dolor', 'Nunc Lectus Pede Incorporated', 862, 'l', 50, 0),
('87132', 'Metoprolol Succinatee', 'Phasellus at augue id ante dictum cursus. Nunc', 'Libero Associates', 883, 'g', 25, 0),
('87133', 'Lovastatin', 'luctus, ipsum leo elementum sem, vitae aliquam', 'Sit Amet Company', 18, 'ml', 22, 0),
('87150', 'Omeprazole (Rx)', 'nunc sed libero. Proin', 'Gravida Corp.', 915, 'l', 36, 0),
('87219', 'Gabapentin', 'fermentum metus. Aenean sed pede nec', 'Cursus LLP', 530, 'kg', 17, 0),
('87370', 'Lyrica', 'habitant morbi tristique senectus et netus et malesuada fames', 'Molestie Associates', 421, 'l', 25, 0),
('87711', 'Alprazolam', 'dolor, nonummy ac, feugiat non, lobortis quis, pede. Suspendisse dui.', 'Gravida Sagittis Duis Company', 195, 'mg', 12, 0),
('87829', 'Sulfamethoxazole/Trimethoprim', 'mi. Duis risus odio, auctor vitae, aliquet nec, imperdiet', 'Id Sapien Cras Foundation', 811, 'kg', 27, 0),
('87907', 'TriNessa', 'risus. Donec egestas. Duis ac arcu. Nunc mauris.', 'Pede Ultrices Industries', 314, 'kg', 24, 0),
('88469', 'Zetia', 'interdum enim non nisi. Aenean eget metus.', 'Suspendisse Ac Corp.', 139, 'mg', 37, 0),
('88618', 'Azithromycin', 'quam vel sapien imperdiet ornare. In faucibus. Morbi', 'At Pede Cras LLP', 779, 'g', 49, 0),
('88863', 'Alprazolam', 'commodo auctor velit. Aliquam nisl. Nulla', 'Mauris Associates', 300, 'mg', 31, 0),
('89151', 'Fluconazole', 'Nunc', 'Diam Dictum Limited', 914, 'l', 32, 0),
('89189', 'Carisoprodol', 'magna. Cras convallis convallis', 'Cras Interdum Nunc Associates', 316, 'mg', 15, 0),
('89293', 'Clonazepam', 'lobortis ultrices. Vivamus rhoncus. Donec est. Nunc ullamcorper,', 'Nam Nulla Magna Company', 330, 'l', 48, 0),
('89549', 'Furosemide', 'risus. Duis a mi fringilla', 'Auctor Non Feugiat Industries', 47, 'ml', 48, 0),
('89729', 'Simvastatin', 'lobortis. Class aptent taciti sociosqu ad', 'Et Industries', 592, 'ml', 33, 0),
('89832', 'Clindamycin HCl', 'Duis elementum, dui quis accumsan convallis,', 'Orci Company', 93, 'mg', 10, 0),
('89997', 'Lisinopril', 'sagittis placerat. Cras dictum ultricies ligula.', 'Feugiat Inc.', 813, 'l', 13, 0),
('90476', 'Naproxen', 'facilisis. Suspendisse commodo tincidunt nibh. Phasellus nulla. Integer vulputate,', 'Integer Inc.', 604, 'ml', 23, 0),
('90524', 'Warfarin Sodium', 'at, libero. Morbi accumsan laoreet ipsum. Curabitur consequat,', 'Et Magnis Foundation', 587, 'mg', 14, 0),
('90532', 'Nuvaring', 'nec, euismod in, dolor. Fusce feugiat.', 'Nisi Cum Sociis Industries', 576, 'ml', 47, 0),
('90615', 'Lisinopril', 'adipiscing elit. Curabitur sed tortor. Integer aliquam adipiscing lacus.', 'Ultrices Duis LLC', 17, 'kg', 22, 0),
('90750', 'Pantoprazole Sodium', 'nonummy ipsum non arcu. Vivamus sit amet risus.', 'Non Arcu Vivamus PC', 524, 'l', 49, 0),
('91047', 'Lorazepam', 'nibh. Donec', 'Cras Vehicula Foundation', 812, 'ml', 29, 0),
('91292', 'Potassium Chloride', 'semper, dui lectus rutrum urna, nec luctus felis purus', 'Eu Tempor Industries', 940, 'l', 34, 0),
('91387', 'Benicar', 'eu', 'Neque Associates', 951, 'kg', 38, 0),
('91603', 'Zetia', 'Aliquam erat volutpat. Nulla facilisis.', 'Ac Metus Incorporated', 593, 'l', 40, 0),
('92081', 'Simvastatin', 'erat, eget tincidunt dui', 'Ornare Consulting', 792, 'g', 31, 0),
('92142', 'Atenolol', 'magna nec quam. Curabitur', 'Nunc Risus Varius Corp.', 580, 'mg', 21, 0),
('92571', 'Gianvi', 'dolor vitae dolor. Donec fringilla. Donec feugiat metus sit amet', 'Proin Associates', 277, 'ml', 35, 0),
('92961', 'Simvastatin', 'amet massa. Quisque porttitor eros nec tellus. Nunc', 'Non Arcu Vivamus Consulting', 993, 'l', 32, 0),
('93276', 'APAP/Codeine', 'at risus. Nunc ac sem ut dolor dapibus gravida. Aliquam', 'Hendrerit Consulting', 156, 'ml', 33, 0),
('93329', 'Vytorin', 'mollis nec, cursus a, enim. Suspendisse aliquet, sem', 'Donec Felis Orci PC', 15, 'mg', 45, 0),
('93457', 'Hydrocodone/APAP', 'nibh. Quisque nonummy ipsum non arcu. Vivamus', 'Ac Mattis Ornare Consulting', 695, 'ml', 16, 0),
('93495', 'Ibuprofen (Rx)', 'lacus pede sagittis augue, eu tempor erat neque non quam.', 'Nibh Limited', 665, 'ml', 42, 0),
('93648', 'Lorazepam', 'euismod in, dolor. Fusce feugiat. Lorem ipsum dolor sit', 'Proin Foundation', 922, 'l', 20, 0),
('93769', 'Simvastatin', 'venenatis vel, faucibus id, libero. Donec consectetuer mauris id', 'Orci LLC', 728, 'g', 31, 0),
('93880', 'Fluticasone Propionate', 'odio. Phasellus', 'Aliquam Consulting', 783, 'kg', 47, 0),
('94016', 'Hydrocodone/APAP', 'Nullam', 'Sed Dictum Proin Corporation', 505, 'g', 10, 0),
('94136', 'Azithromycin', 'sem, consequat nec,', 'Eget Venenatis Incorporated', 286, 'l', 40, 0),
('94227', 'APAP/Codeine', 'neque. In ornare sagittis felis. Donec', 'Eu Tellus LLC', 530, 'ml', 21, 0),
('94357', 'Lorazepam', 'non,', 'Risus Quis Diam Inc.', 940, 'l', 20, 0),
('94372', 'Cialis', 'laoreet ipsum. Curabitur consequat, lectus sit amet luctus vulputate,', 'Libero Ltd', 390, 'g', 28, 0),
('94535', 'Atenolol', 'tortor. Nunc commodo auctor velit.', 'Montes Nascetur Ridiculus Foundation', 117, 'g', 19, 0),
('94643', 'Tricor', 'Sed molestie. Sed id risus quis diam luctus lobortis.', 'Proin PC', 655, 'kg', 14, 0),
('94716', 'Prednisone', 'interdum. Curabitur dictum. Phasellus in felis. Nulla tempor', 'Fusce Aliquam Enim Corp.', 23, 'mg', 20, 0),
('94787', 'Azithromycin', 'hendrerit. Donec', 'A Magna Lorem Corp.', 512, 'ml', 42, 0),
('94899', 'Amlodipine Besylate', 'sit amet massa. Quisque', 'Lorem Eget Incorporated', 985, 'l', 48, 0),
('95352', 'Tramadol HCl', 'dolor vitae dolor.', 'A Inc.', 798, 'l', 45, 0),
('95462', 'Gabapentin', 'Nunc quis', 'Mus Aenean Corporation', 124, 'l', 33, 0),
('95514', 'Warfarin Sodium', 'eget, ipsum. Donec sollicitudin adipiscing ligula. Aenean', 'Pellentesque A Facilisis Industries', 544, 'ml', 39, 0),
('95939', 'Simvastatin', 'tristique aliquet. Phasellus fermentum convallis', 'Erat Semper Rutrum Industries', 90, 'mg', 30, 0),
('95960', 'Amitriptyline HCl', 'interdum ligula eu enim. Etiam', 'Dui Lectus Company', 797, 'g', 16, 0),
('95990', 'Fluoxetine HCl', 'Donec consectetuer', 'Donec LLP', 160, 'ml', 45, 0),
('96107', 'Alprazolam', 'dis parturient montes, nascetur ridiculus mus.', 'Nascetur Ridiculus Mus Institute', 258, 'ml', 41, 0),
('96114', 'Alprazolam', 'ornare sagittis felis. Donec', 'Aliquam Limited', 402, 'kg', 31, 0),
('96135', 'Advair Diskus', 'magnis', 'Fringilla Est Corporation', 95, 'g', 49, 0),
('96592', 'Januvia', 'arcu', 'Ligula Nullam Enim Inc.', 115, 'kg', 46, 0),
('96835', 'Lidoderm', 'mi fringilla mi lacinia mattis.', 'Adipiscing Institute', 712, 'g', 22, 0),
('96852', 'Tricor', 'Quisque purus sapien, gravida non, sollicitudin a, malesuada id,', 'Molestie Pharetra Nibh LLP', 678, 'mg', 16, 0),
('96907', 'Penicillin VK', 'sed, hendrerit a, arcu.', 'In Tincidunt Congue Corp.', 537, 'g', 23, 0),
('96976', 'Fluoxetine HCl', 'dis parturient montes, nascetur ridiculus mus. Aenean', 'Maecenas Consulting', 97, 'l', 29, 0),
('97770', 'Simvastatin', 'ut erat. Sed', 'Amet Consectetuer LLP', 27, 'ml', 33, 0),
('97792', 'Metformin HCl', 'tempor arcu. Vestibulum ut eros non enim', 'Sem Corp.', 235, 'g', 43, 0),
('97983', 'Zolpidem Tartrate', 'metus vitae velit egestas lacinia.', 'Eros Proin Industries', 984, 'kg', 28, 0),
('98081', 'Diovan HCT', 'parturient montes, nascetur ridiculus mus. Aenean eget magna. Suspendisse', 'Eu Placerat Eget Corporation', 968, 'g', 36, 0),
('98231', 'Synthroid', 'ut mi.', 'Hendrerit Donec Ltd', 377, 'kg', 43, 0),
('98345', 'Cialis', 'aliquam', 'Egestas Inc.', 471, 'l', 11, 0),
('98382', 'Metoprolol Succinate', 'Fusce mi lorem, vehicula et, rutrum eu, ultrices sit', 'Pellentesque Sed Dictum PC', 445, 'g', 33, 0),
('98565', 'Endocet', 'eu tempor erat neque non quam. Pellentesque', 'Semper Et Lacinia Institute', 670, 'ml', 25, 0),
('98876', 'Metformin HCl', 'montes, nascetur', 'Natoque Penatibus Et Corporation', 131, 'kg', 49, 0),
('98938', 'Sulfamethoxazole/Trimethoprim', 'dolor', 'Natoque Penatibus Et Foundation', 687, 'mg', 30, 0),
('99055', 'Losartan Potassium', 'facilisis,', 'Nisl Arcu LLP', 366, 'kg', 12, 0),
('99381', 'Carvedilol', 'urna. Nunc', 'Tellus LLC', 175, 'mg', 34, 0);

--
-- Constraints for dumped tables
--

--
-- Constraints for table `billitem`
--
ALTER TABLE `billitem`
  ADD CONSTRAINT `fk_billitem_bill1` FOREIGN KEY (`billNo`) REFERENCES `bill` (`billNo`) ON DELETE NO ACTION ON UPDATE NO ACTION,
  ADD CONSTRAINT `fk_billitem_invoiceitem1` FOREIGN KEY (`invoiceItemID`) REFERENCES `invoiceitem` (`invoiceItemID`) ON DELETE NO ACTION ON UPDATE NO ACTION;

--
-- Constraints for table `invoice`
--
ALTER TABLE `invoice`
  ADD CONSTRAINT `fk_invoice_distributor1` FOREIGN KEY (`dCode`) REFERENCES `distributor` (`dCode`) ON DELETE NO ACTION ON UPDATE NO ACTION;

--
-- Constraints for table `invoiceitem`
--
ALTER TABLE `invoiceitem`
  ADD CONSTRAINT `fk_invoiceitem_invoice1` FOREIGN KEY (`invoiceID`) REFERENCES `invoice` (`invoiceID`) ON DELETE NO ACTION ON UPDATE NO ACTION,
  ADD CONSTRAINT `fk_invoiceitem_product1` FOREIGN KEY (`productID`) REFERENCES `product` (`productID`) ON DELETE NO ACTION ON UPDATE NO ACTION;

/*!40101 SET CHARACTER_SET_CLIENT=@OLD_CHARACTER_SET_CLIENT */;
/*!40101 SET CHARACTER_SET_RESULTS=@OLD_CHARACTER_SET_RESULTS */;
/*!40101 SET COLLATION_CONNECTION=@OLD_COLLATION_CONNECTION */;
